<reveDiagram
  desc="Powered by FlowWright"
  testMode="false"
  testModeUserID=""
  schemaVersion="v2"
  defID="9b1b6599-8e93-473e-96a4-d036569aecca">
  <figures>
    <figure
      id="ba1bf1c3-4dcf-4c63-9782-0e8dac030dfb"
      name="start"
      type="start"
      x="40"
      y="80"
      isValid="true"
      isLocked="False">
      <properties>
        <property
          name="label"><![CDATA[start]]></property>
        <property
          name="type"><![CDATA[start]]></property>
        <property
          name="isValid"><![CDATA[true]]></property>
        <property
          name="itemName"><![CDATA[start]]></property>
        <property
          name="itemDescription"><![CDATA[]]></property>
        <property
          name="variables"><![CDATA[varResult:String]]></property>
        <property
          name="requiredVars"><![CDATA[]]></property>
        <property
          name="globals"><![CDATA[]]></property>
        <property
          name="requiredGlobals"><![CDATA[]]></property>
        <property
          name="useSingleIteration"><![CDATA[0]]></property>
        <property
          name="businessObjects"><![CDATA[]]></property>
        <property
          name="LogMessage"><![CDATA[]]></property>
        <property
          name="documentation"><![CDATA[]]></property>
        <property
          name="priority"><![CDATA[Low]]></property>
        <property
          name="instState"><![CDATA[]]></property>
        <property
          name="instPercent"><![CDATA[]]></property>
      </properties>
    </figure>
    <figure
      id="99037b93-3759-1c1d-13f4-7bede1eec91a"
      name="Convert data table to HTML"
      type="getdatatablehtml"
      x="280"
      y="80"
      isValid="true"
      isLocked="False">
      <properties>
        <property
          name="label"><![CDATA[Convert data table to HTML]]></property>
        <property
          name="type"><![CDATA[getdatatablehtml]]></property>
        <property
          name="isValid"><![CDATA[true]]></property>
        <property
          name="itemName"><![CDATA[Convert data table to HTML]]></property>
        <property
          name="itemDescription"><![CDATA[getDataTableHtml]]></property>
        <property
          name="connectionString"><![CDATA[e5aeb9bd-a510-479e-bba6-29fcde4a5c67]]></property>
        <property
          name="changeDatabase"><![CDATA[]]></property>
        <property
          name="sqlStatement"><![CDATA[ exec spGetExternalUserFullName ?, ?]]></property>
        <property
          name="params"><![CDATA[varEmailID~dev@flowwright.com|varUserID~46ECB4DA-D7F1-4C72-BB37-2626F3F43F63]]></property>
        <property
          name="varGlobalHTML"><![CDATA[variable.varResult]]></property>
        <property
          name="LogMessage"><![CDATA[getDataTableHtml - Variable.createdOn]]></property>
        <property
          name="documentation"><![CDATA[getDataTableHtml - Variable.initiatorName]]></property>
        <property
          name="instState"><![CDATA[Database Steps]]></property>
        <property
          name="instPercent"><![CDATA[100]]></property>
      </properties>
    </figure>
  </figures>
  <connections>
    <connection
      id="d23d1c9a-c019-97d5-712d-471d8063af37"
      label=""
      size="5"
      type=""
      srcParentID="ba1bf1c3-4dcf-4c63-9782-0e8dac030dfb"
      srcParentType="start"
      trgParentID="99037b93-3759-1c1d-13f4-7bede1eec91a"
      trgParentType="getdatatablehtml"
      router="junction"
      color="0000ff"
      lblx="180"
      lbly="100"
      style="shape=connector;labelBackgroundColor=#ffffff;endArrow=classic;fontSize=18;fontFamily=Helvetica;align=center;verticalAlign=middle;rounded=1;strokeColor=#0000ff;fontColor=#000000;edgeStyle=orthogonalEdgeStyle;jumpStyle=arc;jumpSize=6;html=1;jettySize=auto;orthogonalLoop=1;strokeWidth=5;whiteSpace=wrap;labelWidth=225;"
      srcPortName="eastPort"
      trgPortName="westPort">
      <properties>
        <property
          name="label"><![CDATA[]]></property>
        <property
          name="type"><![CDATA[]]></property>
        <property
          name="linkPriority"><![CDATA[0]]></property>
      </properties>
      <line>
        <point
          x="80"
          y="100" />
        <point
          x="280"
          y="100" />
      </line>
    </connection>
  </connections>
  <comments></comments>
</reveDiagram>