<reveDiagram
  desc="Powered by FlowWright"
  testMode="false"
  testModeUserID=""
  schemaVersion="v2"
  defID="26192142-121b-44ea-8d0c-65bf9703d718">
  <figures>
    <figure
      id="c8a3f4a3-82cd-47d6-998a-7e9ca8480fd7"
      name="start"
      type="start"
      x="58"
      y="39"
      isValid="true"
      isLocked="False">
      <properties>
        <property
          name="label"><![CDATA[start]]></property>
        <property
          name="type"><![CDATA[start]]></property>
        <property
          name="isValid"><![CDATA[true]]></property>
        <property
          name="itemName"><![CDATA[start]]></property>
        <property
          name="itemDescription"><![CDATA[]]></property>
        <property
          name="variables"><![CDATA[num1:Number|num2:Number|sum:Number]]></property>
        <property
          name="requiredVars"><![CDATA[]]></property>
        <property
          name="globals"><![CDATA[]]></property>
        <property
          name="requiredGlobals"><![CDATA[]]></property>
        <property
          name="useSingleIteration"><![CDATA[0]]></property>
        <property
          name="businessObjects"><![CDATA[]]></property>
        <property
          name="logMessage"><![CDATA[]]></property>
        <property
          name="documentation"><![CDATA[]]></property>
        <property
          name="priority"><![CDATA[Low]]></property>
        <property
          name="errorDef"><![CDATA[]]></property>
        <property
          name="sub-def-name"><![CDATA[]]></property>
        <property
          name="abortDef"><![CDATA[]]></property>
        <property
          name="completeDef"><![CDATA[]]></property>
        <property
          name="LogMessage"><![CDATA[]]></property>
        <property
          name="instState"><![CDATA[]]></property>
        <property
          name="instPercent"><![CDATA[]]></property>
        <property
          name="forms"><![CDATA[test~e2bf6173-50c1-4c8e-895b-050294af78c1]]></property>
      </properties>
    </figure>
    <figure
      id="fa1167e4-b0fb-2024-b151-6cc2056dd96a"
      name="evalexpression"
      type="evalexpression"
      x="300"
      y="39"
      isValid="true"
      isLocked="False">
      <properties>
        <property
          name="label"><![CDATA[evalexpression]]></property>
        <property
          name="type"><![CDATA[evalexpression]]></property>
        <property
          name="isValid"><![CDATA[true]]></property>
        <property
          name="itemName"><![CDATA[evalexpression]]></property>
        <property
          name="itemDescription"><![CDATA[]]></property>
        <property
          name="variableName"><![CDATA[Variable.sum]]></property>
        <property
          name="expression"><![CDATA[Variable.num1 + Variable.num2]]></property>
        <property
          name="logMessage"><![CDATA[]]></property>
        <property
          name="documentation"><![CDATA[]]></property>
        <property
          name="LogMessage"><![CDATA[]]></property>
        <property
          name="instState"><![CDATA[]]></property>
        <property
          name="instPercent"><![CDATA[]]></property>
      </properties>
    </figure>
  </figures>
  <connections>
    <connection
      id="687926c3-4825-ca07-f9d6-75d3c7e49131"
      label=""
      size="5"
      type=""
      srcParentID="c8a3f4a3-82cd-47d6-998a-7e9ca8480fd7"
      srcParentType="start"
      trgParentID="fa1167e4-b0fb-2024-b151-6cc2056dd96a"
      trgParentType="evalexpression"
      router="junction"
      color="0000ff"
      lblx="199"
      lbly="59"
      style="shape=connector;labelBackgroundColor=#ffffff;endArrow=classic;fontSize=12;fontFamily=Helvetica;align=center;verticalAlign=middle;rounded=1;strokeColor=#0000ff;fontColor=#000000;edgeStyle=orthogonalEdgeStyle;jumpStyle=arc;jumpSize=6;html=1;jettySize=auto;orthogonalLoop=1;strokeWidth=5;whiteSpace=wrap;labelWidth=225;fontStyle=2"
      srcPortName="eastPort"
      trgPortName="westPort">
      <properties>
        <property
          name="label"><![CDATA[]]></property>
        <property
          name="type"><![CDATA[]]></property>
        <property
          name="linkPriority"><![CDATA[0]]></property>
      </properties>
      <line>
        <point
          x="98"
          y="59" />
        <point
          x="300"
          y="59" />
      </line>
    </connection>
  </connections>
  <comments>
    <comment
      text="This workflow adds 2 numbers."
      x="80"
      y="150"
      w="210"
      h="30"
      id="231d294b-2d12-140b-03b3-8a15e5498a42"
      fontColor="#FFFFFF"
      bgColor="#5B5B5B"
      style="shape=label;perimeter=rectanglePerimeter;fontSize=12;fontFamily=Poppins;align=left;verticalAlign=top;fillColor=#5B5B5B;fontColor=#FFFFFF;resizable=0;spacing=2;spacingLeft=5;spacingBottom=3;spacingTop=2;spacingRight=0;rounded=1;labelPosition=center;verticalLabelPosition=middle;perimeterSpacing=3;editable=0;html=1;aspect=fixed;whiteSpace=wrapresizable=0;points=[];autosize=1;connectable=0;gradientColor=none;strokeColor=none" />
  </comments>
</reveDiagram>