<reveDiagram
  desc="Powered by FlowWright"
  testMode="false"
  testModeUserID=""
  schemaVersion="v2"
  defID="0c2be223-ccec-4f6c-978d-387c84b30e3b">
  <figures>
    <figure
      id="52bbed2e-37f0-452e-b068-8472e29a7ae9"
      name="start"
      type="start"
      x="40"
      y="39"
      isValid="true"
      isLocked="False">
      <properties>
        <property
          name="label"><![CDATA[start]]></property>
        <property
          name="type"><![CDATA[start]]></property>
        <property
          name="isValid"><![CDATA[true]]></property>
        <property
          name="itemName"><![CDATA[start]]></property>
        <property
          name="itemDescription"><![CDATA[]]></property>
        <property
          name="variables"><![CDATA[number1:Number|number2:Number|result:Number]]></property>
        <property
          name="requiredVars"><![CDATA[]]></property>
        <property
          name="globals"><![CDATA[]]></property>
        <property
          name="requiredGlobals"><![CDATA[]]></property>
        <property
          name="useSingleIteration"><![CDATA[]]></property>
        <property
          name="businessObjects"><![CDATA[]]></property>
        <property
          name="LogMessage"><![CDATA[]]></property>
        <property
          name="documentation"><![CDATA[]]></property>
        <property
          name="priority"><![CDATA[]]></property>
      </properties>
    </figure>
    <figure
      id="a95fa14a-91cc-938d-01a1-e4d11c9d2ef8"
      name="Run Microservice"
      type="clsmicroservice"
      x="280"
      y="39"
      isValid="true"
      isLocked="False">
      <properties>
        <property
          name="label"><![CDATA[Run Microservice]]></property>
        <property
          name="type"><![CDATA[clsmicroservice]]></property>
        <property
          name="isValid"><![CDATA[true]]></property>
        <property
          name="itemName"><![CDATA[Run Microservice]]></property>
        <property
          name="itemDescription"><![CDATA[]]></property>
        <property
          name="selMicroservice"><![CDATA[46a0da53-13b6-43bf-959f-1360c63198e7]]></property>
        <property
          name="ParamsMapping"><![CDATA[num1~variable.number1|num2~variable.number2|sum~Variable.result]]></property>
        <property
          name="LogMessage"><![CDATA[]]></property>
        <property
          name="documentation"><![CDATA[]]></property>
        <property
          name="instState"><![CDATA[]]></property>
        <property
          name="instPercent"><![CDATA[]]></property>
        <property
          name="isBasicauth"><![CDATA[true]]></property>
        <property
          name="InputParamsMapping"><![CDATA[num1~variable.number1|num2~variable.number2]]></property>
        <property
          name="OutputParamsMapping"><![CDATA[sum~Variable.result]]></property>
      </properties>
    </figure>
  </figures>
  <connections>
    <connection
      id="4ebe9000-7b73-0a37-18e4-91b4a9db0cc0"
      label=""
      size="5"
      type=""
      srcParentID="52bbed2e-37f0-452e-b068-8472e29a7ae9"
      srcParentType="start"
      trgParentID="a95fa14a-91cc-938d-01a1-e4d11c9d2ef8"
      trgParentType="clsmicroservice"
      router="junction"
      color="0000ff"
      lblx="180"
      lbly="59"
      style="shape=connector;labelBackgroundColor=#ffffff;endArrow=classic;fontSize=12;fontFamily=Helvetica;align=center;verticalAlign=middle;rounded=1;strokeColor=#0000ff;fontColor=#000000;edgeStyle=orthogonalEdgeStyle;jumpStyle=arc;jumpSize=6;html=1;jettySize=auto;orthogonalLoop=1;strokeWidth=5;whiteSpace=wrap;labelWidth=150;fontStyle=2"
      srcPortName="eastPort"
      trgPortName="westPort">
      <properties>
        <property
          name="label"><![CDATA[]]></property>
        <property
          name="type"><![CDATA[]]></property>
        <property
          name="linkPriority"><![CDATA[0]]></property>
      </properties>
      <line>
        <point
          x="80"
          y="59" />
        <point
          x="280"
          y="59" />
      </line>
    </connection>
  </connections>
  <comments></comments>
</reveDiagram>