<microservice id="46a0da53-13b6-43bf-959f-1360c63198e7" desc="Sum2Nos" name="Sum2NosWithAuthentication" defID="26192142-121b-44ea-8d0c-65bf9703d718" updatedBy="35635c17-06b5-455b-a1e6-51507c1e971f" updatedOn="4/14/2025 9:43:10 AM" permissions="{&quot;AccessType&quot;:&quot;0&quot;,&quot;Roles&quot;:[],&quot;Users&quot;:[]}">
  <inputs defID="26192142-121b-44ea-8d0c-65bf9703d718">
    <input name="num1" desc="num1" varGlobal="Variable.num1" isformbody="false"></input>
    <input name="num2" desc="num2" varGlobal="Variable.num2" isformbody="false"></input>
  </inputs>
  <outputs defID="26192142-121b-44ea-8d0c-65bf9703d718">
    <output name="sum" varGlobal="Variable.sum"></output>
  </outputs>
  <basicAuth on="True" />
  <logging on="True" />
  <httpMethod>get</httpMethod>
</microservice>