<reveDiagram
  desc="Powered by FlowWright"
  testMode="false"
  testModeUserID=""
  schemaVersion="v2"
  defID="dae6ddc1-4c0c-4562-b922-25ab439c8492">
  <figures>
    <figure
      id="f7336887-aeae-4078-b851-08036607d0f6"
      name="start"
      type="start"
      x="40"
      y="39"
      isValid="true">
      <properties>
        <property
          name="label"><![CDATA[start]]></property>
        <property
          name="type"><![CDATA[start]]></property>
        <property
          name="itemName"><![CDATA[start]]></property>
        <property
          name="itemDescription"><![CDATA[]]></property>
        <property
          name="variables"><![CDATA[OutputFile:String|vOutputFile:String]]></property>
        <property
          name="requiredVars"><![CDATA[]]></property>
        <property
          name="globals"><![CDATA[]]></property>
        <property
          name="requiredGlobals"><![CDATA[]]></property>
        <property
          name="useSingleIteration"><![CDATA[0]]></property>
        <property
          name="businessObjects"><![CDATA[]]></property>
        <property
          name="LogMessage"><![CDATA[]]></property>
        <property
          name="documentation"><![CDATA[]]></property>
        <property
          name="priority"><![CDATA[Medium]]></property>
        <property
          name="errorDef"><![CDATA[]]></property>
        <property
          name="sub-def-name"><![CDATA[]]></property>
        <property
          name="abortDef"><![CDATA[]]></property>
        <property
          name="completeDef"><![CDATA[]]></property>
        <property
          name="instState"><![CDATA[]]></property>
        <property
          name="instPercent"><![CDATA[]]></property>
        <property
          name="isValid"><![CDATA[true]]></property>
      </properties>
    </figure>
    <figure
      id="a092e8c8-a7be-c6c5-3b27-fff565d280c7"
      name="Set PDF form field values"
      type="setpdfformfields"
      x="280"
      y="39"
      isValid="true"
      inConnections="2"
      outConnections="2">
      <properties>
        <property
          name="label"><![CDATA[Set PDF form field values]]></property>
        <property
          name="type"><![CDATA[setpdfformfields]]></property>
        <property
          name="inConnections"><![CDATA[2]]></property>
        <property
          name="outConnections"><![CDATA[2]]></property>
        <property
          name="itemName"><![CDATA[Set PDF form field values]]></property>
        <property
          name="itemDescription"><![CDATA[setPDFFormFields]]></property>
        <property
          name="pdfFormFile"><![CDATA[OoPdfFormExample.pdf]]></property>
        <property
          name="pdfOutPutFileVarGlobal"><![CDATA[variable.OutputFile]]></property>
        <property
          name="pdfVirtualFileVarGlobal"><![CDATA[variable.vOutputFile]]></property>
        <property
          name="outputFileReadOnly"><![CDATA[1]]></property>
        <property
          name="pdfFieldMap"><![CDATA[Given Name Text Box~Charles Darwin|Family Name Text Box~Origin of Species|Address 1 Text Box~49 Featherstone Street|City Text Box~London|Country Combo Box~UK|Postcode Text Box~EC1Y 8SY]]></property>
        <property
          name="LogMessage"><![CDATA[setPDFFormFields - Variable.createdOn]]></property>
        <property
          name="documentation"><![CDATA[setPDFFormFields - Variable.initiatorName]]></property>
        <property
          name="instState"><![CDATA[PDF Steps]]></property>
        <property
          name="instPercent"><![CDATA[100]]></property>
        <property
          name="isValid"><![CDATA[true]]></property>
      </properties>
    </figure>
  </figures>
  <connections>
    <connection
      id="02d561d3-8b4b-aa09-fe5c-79d87d42864d"
      label=""
      size="4"
      type=""
      srcParentID="f7336887-aeae-4078-b851-08036607d0f6"
      srcParentType="start"
      trgParentID="a092e8c8-a7be-c6c5-3b27-fff565d280c7"
      trgParentType="setpdfformfields"
      router="junction"
      color="3c78d8"
      lblx="180"
      lbly="59"
      style="shape=connector;labelBackgroundColor=#ffffff;endArrow=classic;fontSize=15;fontFamily=Helvetica;align=center;verticalAlign=middle;rounded=1;strokeColor=#3c78d8;fontColor=#000000;edgeStyle=orthogonalEdgeStyle;jumpStyle=arc;jumpSize=6;html=1;jettySize=auto;orthogonalLoop=1;strokeWidth=4"
      srcPortName="eastPort"
      trgPortName="westPort">
      <properties>
        <property
          name="label"><![CDATA[]]></property>
        <property
          name="type"><![CDATA[]]></property>
        <property
          name="linkPriority"><![CDATA[0]]></property>
      </properties>
      <line>
        <point
          x="80"
          y="59" />
        <point
          x="280"
          y="59" />
      </line>
    </connection>
  </connections>
  <comments></comments>
</reveDiagram>