<reveDiagram
  desc="Powered by FlowWright"
  testMode="false"
  testModeUserID=""
  schemaVersion="v2"
  defID="9dbe3880-ac3c-45fc-a7c7-786f7be32266">
  <figures>
    <figure
      id="ba44590f-0d63-48f1-9372-1cae9749eca1"
      name="start"
      type="start"
      x="40"
      y="80"
      isValid="true"
      isLocked="False">
      <properties>
        <property
          name="label"><![CDATA[start]]></property>
        <property
          name="type"><![CDATA[start]]></property>
        <property
          name="isValid"><![CDATA[true]]></property>
        <property
          name="itemName"><![CDATA[start]]></property>
        <property
          name="itemDescription"><![CDATA[]]></property>
        <property
          name="variables"><![CDATA[formID:String|varXMLResult:String]]></property>
        <property
          name="requiredVars"><![CDATA[]]></property>
        <property
          name="globals"><![CDATA[]]></property>
        <property
          name="requiredGlobals"><![CDATA[]]></property>
        <property
          name="useSingleIteration"><![CDATA[0]]></property>
        <property
          name="businessObjects"><![CDATA[]]></property>
        <property
          name="LogMessage"><![CDATA[]]></property>
        <property
          name="documentation"><![CDATA[]]></property>
        <property
          name="priority"><![CDATA[Medium]]></property>
        <property
          name="errorDef"><![CDATA[]]></property>
        <property
          name="sub-def-name"><![CDATA[]]></property>
        <property
          name="abortDef"><![CDATA[]]></property>
        <property
          name="completeDef"><![CDATA[]]></property>
        <property
          name="instState"><![CDATA[]]></property>
        <property
          name="instPercent"><![CDATA[]]></property>
      </properties>
    </figure>
    <figure
      id="d7390716-ab87-9db4-4d4f-df04fdd1afbf"
      name="Route Service Rating Feedback Form"
      type="routeform"
      x="240"
      y="80"
      isValid="true"
      isLocked="False"
      inConnections="2"
      outConnections="2">
      <properties>
        <property
          name="label"><![CDATA[Route Service Rating Feedback Form]]></property>
        <property
          name="type"><![CDATA[routeform]]></property>
        <property
          name="isValid"><![CDATA[true]]></property>
        <property
          name="inConnections"><![CDATA[2]]></property>
        <property
          name="outConnections"><![CDATA[2]]></property>
        <property
          name="itemName"><![CDATA[Route Service Rating Feedback Form]]></property>
        <property
          name="itemDescription"><![CDATA[]]></property>
        <property
          name="taskName"><![CDATA[Route Service Rating Feedback Form]]></property>
        <property
          name="taskDesc"><![CDATA[Route Service Rating Feedback Form]]></property>
        <property
          name="routeTo"><![CDATA[Variable.initiatorID]]></property>
        <property
          name="routeToRoles"><![CDATA[]]></property>
        <property
          name="formDefinition"><![CDATA[ee22b25a-cbf2-44cc-9b11-49a7354066fd]]></property>
        <property
          name="formInstanceID"><![CDATA[variable.formID]]></property>
        <property
          name="priority"><![CDATA[Medium]]></property>
        <property
          name="daysToComplete"><![CDATA[1]]></property>
        <property
          name="expireType"><![CDATA[hours]]></property>
        <property
          name="includeWeekends"><![CDATA[0]]></property>
        <property
          name="taskRoutingRules"><![CDATA[0]]></property>
        <property
          name="taskReminder"><![CDATA[]]></property>
        <property
          name="waitForAll"><![CDATA[no]]></property>
        <property
          name="sendEmailNotification"><![CDATA[no]]></property>
        <property
          name="sendSeparateEmails"><![CDATA[no]]></property>
        <property
          name="emailSubject"><![CDATA[]]></property>
        <property
          name="emailBody"><![CDATA[]]></property>
        <property
          name="emailFiles"><![CDATA[]]></property>
        <property
          name="emailCCList"><![CDATA[]]></property>
        <property
          name="hideReadOnlyFields"><![CDATA[]]></property>
        <property
          name="hideReadOnlySubForms"><![CDATA[]]></property>
        <property
          name="hideReadOnlyFieldsWithExpression"><![CDATA[]]></property>
        <property
          name="hideReadOnlySubFormsWithExpression"><![CDATA[]]></property>
        <property
          name="emailAddresses"><![CDATA[]]></property>
        <property
          name="userCanReAssign"><![CDATA[no]]></property>
        <property
          name="LogMessage"><![CDATA[]]></property>
        <property
          name="documentation"><![CDATA[]]></property>
        <property
          name="instState"><![CDATA[]]></property>
        <property
          name="instPercent"><![CDATA[]]></property>
      </properties>
    </figure>
    <figure
      id="0a8a3983-2ea5-9234-49b8-8b1789491cec"
      name="Get form instance data"
      type="clsgetforminstancedata"
      x="440"
      y="80"
      isValid="true"
      isLocked="False"
      inConnections="2"
      outConnections="2">
      <properties>
        <property
          name="label"><![CDATA[Get form instance data]]></property>
        <property
          name="type"><![CDATA[clsgetforminstancedata]]></property>
        <property
          name="isValid"><![CDATA[true]]></property>
        <property
          name="inConnections"><![CDATA[2]]></property>
        <property
          name="outConnections"><![CDATA[2]]></property>
        <property
          name="itemName"><![CDATA[Get form instance data]]></property>
        <property
          name="itemDescription"><![CDATA[clsGetFormInstanceData]]></property>
        <property
          name="formInstID"><![CDATA[Variable.formID]]></property>
        <property
          name="resultType"><![CDATA[XML]]></property>
        <property
          name="varGlobalStoreID"><![CDATA[variable.varXMLResult]]></property>
        <property
          name="LogMessage"><![CDATA[clsGetFormInstanceData - Variable.createdOn]]></property>
        <property
          name="documentation"><![CDATA[clsGetFormInstanceData - Variable.initiatorName]]></property>
        <property
          name="instState"><![CDATA[Form Steps]]></property>
        <property
          name="instPercent"><![CDATA[100]]></property>
      </properties>
    </figure>
  </figures>
  <connections>
    <connection
      id="f1bb9e7a-4bb8-cfc6-3d7b-031445ee664b"
      label=""
      size="4"
      type=""
      srcParentID="d7390716-ab87-9db4-4d4f-df04fdd1afbf"
      srcParentName="Route Service Rating Feedback Form"
      srcParentType="routeform"
      trgParentID="0a8a3983-2ea5-9234-49b8-8b1789491cec"
      trgParentName="Get form instance data"
      trgParentType="clsgetforminstancedata"
      router="junction"
      color="3c78d8"
      lblx="360"
      lbly="100"
      style="shape=connector;labelBackgroundColor=#ffffff;endArrow=classic;fontSize=12;fontFamily=Helvetica;align=center;verticalAlign=middle;rounded=1;strokeColor=#3c78d8;fontColor=#000000;edgeStyle=orthogonalEdgeStyle;jumpStyle=arc;jumpSize=6;html=1;jettySize=auto;orthogonalLoop=1;strokeWidth=4;whiteSpace=wrap;labelWidth=150;fontStyle=2"
      srcPortName="eastPort"
      trgPortName="westPort">
      <properties>
        <property
          name="label"><![CDATA[]]></property>
        <property
          name="type"><![CDATA[]]></property>
        <property
          name="linkPriority"><![CDATA[0]]></property>
      </properties>
      <line>
        <point
          x="280"
          y="100" />
        <point
          x="440"
          y="100" />
      </line>
    </connection>
    <connection
      id="fcd08a8c-03c9-9aed-92f5-f7dc10b18271"
      label=""
      size="4"
      type=""
      srcParentID="ba44590f-0d63-48f1-9372-1cae9749eca1"
      srcParentName="start"
      srcParentType="start"
      trgParentID="d7390716-ab87-9db4-4d4f-df04fdd1afbf"
      trgParentName="Route Service Rating Feedback Form"
      trgParentType="routeform"
      router="junction"
      color="3c78d8"
      lblx="160"
      lbly="100"
      style="shape=connector;labelBackgroundColor=#ffffff;endArrow=classic;fontSize=12;fontFamily=Helvetica;align=center;verticalAlign=middle;rounded=1;strokeColor=#3c78d8;fontColor=#000000;edgeStyle=orthogonalEdgeStyle;jumpStyle=arc;jumpSize=6;html=1;jettySize=auto;orthogonalLoop=1;strokeWidth=4;whiteSpace=wrap;labelWidth=150;fontStyle=2"
      srcPortName="eastPort"
      trgPortName="westPort">
      <properties>
        <property
          name="label"><![CDATA[]]></property>
        <property
          name="type"><![CDATA[]]></property>
        <property
          name="linkPriority"><![CDATA[0]]></property>
      </properties>
      <line>
        <point
          x="80"
          y="100" />
        <point
          x="240"
          y="100" />
      </line>
    </connection>
  </connections>
  <comments></comments>
</reveDiagram>