<reveDiagram
  desc="Powered by FlowWright"
  testMode="false"
  testModeUserID=""
  schemaVersion="v2"
  defID="3e324916-ba6a-4d45-b419-04852f857ebb">
  <figures>
    <figure
      id="66562704-ec7c-40d7-9feb-f0b25944fc29"
      name="start"
      type="start"
      x="-70"
      y="50"
      isValid="true"
      isLocked="False">
      <properties>
        <property
          name="label"><![CDATA[start]]></property>
        <property
          name="type"><![CDATA[start]]></property>
        <property
          name="isValid"><![CDATA[true]]></property>
        <property
          name="itemName"><![CDATA[start]]></property>
        <property
          name="itemDescription"><![CDATA[]]></property>
        <property
          name="variables"><![CDATA[formID:String]]></property>
        <property
          name="requiredVars"><![CDATA[]]></property>
        <property
          name="globals"><![CDATA[]]></property>
        <property
          name="requiredGlobals"><![CDATA[]]></property>
        <property
          name="useSingleIteration"><![CDATA[0]]></property>
        <property
          name="businessObjects"><![CDATA[]]></property>
        <property
          name="logMessage"><![CDATA[]]></property>
        <property
          name="documentation"><![CDATA[]]></property>
      </properties>
    </figure>
    <figure
      id="2dff1877-66a9-3dec-5acd-52085faa816d"
      name="Route Form -REGULAR USER"
      type="routeform"
      x="122"
      y="51"
      isValid="true"
      isLocked="False">
      <properties>
        <property
          name="label"><![CDATA[Route Form -REGULAR USER]]></property>
        <property
          name="type"><![CDATA[routeform]]></property>
        <property
          name="isValid"><![CDATA[true]]></property>
        <property
          name="itemName"><![CDATA[Route Form -REGULAR USER]]></property>
        <property
          name="itemDescription"><![CDATA[]]></property>
        <property
          name="taskName"><![CDATA[Route Form -REGULAR USER]]></property>
        <property
          name="taskDesc"><![CDATA[<p>20785-EditableGridDataRoute Form - REGULAR USER<br></p>]]></property>
        <property
          name="routeTo"><![CDATA[35635c17-06b5-455b-a1e6-51507c1e971f;]]></property>
        <property
          name="routeToRoles"><![CDATA[]]></property>
        <property
          name="formDefinition"><![CDATA[c5dbef4f-4e43-4e52-a153-b0331b6efcb0]]></property>
        <property
          name="formInstanceID"><![CDATA[Variable.formID]]></property>
        <property
          name="priority"><![CDATA[Low]]></property>
        <property
          name="daysToComplete"><![CDATA[1]]></property>
        <property
          name="expireType"><![CDATA[days]]></property>
        <property
          name="includeWeekends"><![CDATA[0]]></property>
        <property
          name="taskRoutingRules"><![CDATA[0]]></property>
        <property
          name="taskReminder"><![CDATA[<taskReminders><reminder  reminderin="1" remindertype="hours" subject="20785-EditableGridData - Route Form to Regular User" body="20785-EditableGridData - Route Form to Regular User"></reminder></taskReminders>]]></property>
        <property
          name="sendEmailNotification"><![CDATA[yes]]></property>
        <property
          name="emailSubject"><![CDATA[20785-EditableGridData - Route Form to Regular User]]></property>
        <property
          name="emailBody"><![CDATA[<p><span style="font-size: 10.6667px;"><b>20785-EditableGridData - Route Form to Regular User</b></span></p><p><span style="font-size: 10.6667px;"><br></span></p><p><span style="font-size: 10.6667px;"><b><u>Regular Link</u></b></span></p><p>$LINK<span style="font-size: 10.6667px;"><br></span></p><p><br></p><p><b><u>Approve Link</u></b></p><div>$APPROVELINK</div><div><b><u><br></u></b></div><p><br></p><p><b><u>Approve Reject UI Link</u></b></p><p>$APPROVEREJECTUILINK<br></p><p><br></p>]]></property>
        <property
          name="emailFiles"><![CDATA[]]></property>
        <property
          name="emailCCList"><![CDATA[]]></property>
        <property
          name="hideReadOnlyFields"><![CDATA[]]></property>
        <property
          name="hideReadOnlySubForms"><![CDATA[]]></property>
        <property
          name="emailAddresses"><![CDATA[]]></property>
        <property
          name="userCanReAssign"><![CDATA[no]]></property>
        <property
          name="logMessage"><![CDATA[]]></property>
        <property
          name="documentation"><![CDATA[]]></property>
        <property
          name="taskDesc_TemplateID"><![CDATA[]]></property>
        <property
          name="emailBody_TemplateID"><![CDATA[]]></property>
        <property
          name="waitForAll"><![CDATA[no]]></property>
        <property
          name="sendSeparateEmails"><![CDATA[no]]></property>
        <property
          name="LogMessage"><![CDATA[]]></property>
        <property
          name="instState"><![CDATA[]]></property>
        <property
          name="instPercent"><![CDATA[]]></property>
      </properties>
    </figure>
    <figure
      id="43628f98-184e-1a46-1c59-264f219b28b2"
      name="Route Form - ADMIN"
      type="routeform"
      x="302"
      y="51"
      isValid="true"
      isLocked="False">
      <properties>
        <property
          name="label"><![CDATA[Route Form - ADMIN]]></property>
        <property
          name="type"><![CDATA[routeform]]></property>
        <property
          name="isValid"><![CDATA[true]]></property>
        <property
          name="itemName"><![CDATA[Route Form - ADMIN]]></property>
        <property
          name="itemDescription"><![CDATA[]]></property>
        <property
          name="taskName"><![CDATA[Route Form - ADMIN]]></property>
        <property
          name="taskDesc"><![CDATA[<p><span style="font-size: 10.6667px;">20785-EditableGridDataRoute Form - ADMIN</span><br></p>]]></property>
        <property
          name="routeTo"><![CDATA[46ecb4da-d7f1-4c72-bb37-2626f3f43f63;]]></property>
        <property
          name="routeToRoles"><![CDATA[]]></property>
        <property
          name="formDefinition"><![CDATA[c5dbef4f-4e43-4e52-a153-b0331b6efcb0]]></property>
        <property
          name="formInstanceID"><![CDATA[variable.formID]]></property>
        <property
          name="priority"><![CDATA[Low]]></property>
        <property
          name="daysToComplete"><![CDATA[]]></property>
        <property
          name="expireType"><![CDATA[days]]></property>
        <property
          name="includeWeekends"><![CDATA[0]]></property>
        <property
          name="taskRoutingRules"><![CDATA[0]]></property>
        <property
          name="taskReminder"><![CDATA[]]></property>
        <property
          name="sendEmailNotification"><![CDATA[no]]></property>
        <property
          name="emailSubject"><![CDATA[]]></property>
        <property
          name="emailBody"><![CDATA[]]></property>
        <property
          name="emailFiles"><![CDATA[]]></property>
        <property
          name="emailCCList"><![CDATA[]]></property>
        <property
          name="hideReadOnlyFields"><![CDATA[]]></property>
        <property
          name="hideReadOnlySubForms"><![CDATA[]]></property>
        <property
          name="emailAddresses"><![CDATA[]]></property>
        <property
          name="userCanReAssign"><![CDATA[no]]></property>
        <property
          name="logMessage"><![CDATA[]]></property>
        <property
          name="documentation"><![CDATA[]]></property>
        <property
          name="taskDesc_TemplateID"><![CDATA[]]></property>
        <property
          name="waitForAll"><![CDATA[no]]></property>
        <property
          name="sendSeparateEmails"><![CDATA[no]]></property>
        <property
          name="LogMessage"><![CDATA[]]></property>
        <property
          name="instState"><![CDATA[]]></property>
        <property
          name="instPercent"><![CDATA[]]></property>
      </properties>
    </figure>
  </figures>
  <connections>
    <connection
      id="b5d90807-6444-2ace-09f3-abe303f3990e"
      label=""
      size="3"
      type=""
      srcParentID="66562704-ec7c-40d7-9feb-f0b25944fc29"
      srcParentType="start"
      trgParentID="2dff1877-66a9-3dec-5acd-52085faa816d"
      trgParentType="routeform"
      router="draw2d.layout.connection.InteractiveManhattanConnectionRouter"
      color="0000ff"
      lblx="46"
      lbly="71"
      style="shape=connector;labelBackgroundColor=#ffffff;endArrow=classic;fontSize=15;fontFamily=Helvetica;align=center;verticalAlign=middle;rounded=1;strokeColor=#0000ff;fontColor=#000000;edgeStyle=orthogonalEdgeStyle;jumpStyle=arc;jumpSize=6;html=1;jettySize=auto;orthogonalLoop=1;strokeWidth=3;whiteSpace=wrap;labelWidth=175;fontStyle=2"
      srcPortName="eastPort"
      trgPortName="westPort">
      <properties>
        <property
          name="label"><![CDATA[]]></property>
        <property
          name="type"><![CDATA[]]></property>
        <property
          name="linkPriority"><![CDATA[0]]></property>
      </properties>
      <line>
        <point
          x="-30"
          y="70" />
        <point
          x="46"
          y="70" />
        <point
          x="46"
          y="71" />
        <point
          x="122"
          y="71" />
      </line>
    </connection>
    <connection
      id="794c7a86-d2c0-d450-e938-81ff0fd8651b"
      label=""
      size="3"
      type=""
      srcParentID="2dff1877-66a9-3dec-5acd-52085faa816d"
      srcParentType="routeform"
      trgParentID="43628f98-184e-1a46-1c59-264f219b28b2"
      trgParentType="routeform"
      router="draw2d.layout.connection.InteractiveManhattanConnectionRouter"
      color="0000ff"
      lblx="232"
      lbly="71"
      style="shape=connector;labelBackgroundColor=#ffffff;endArrow=classic;fontSize=15;fontFamily=Helvetica;align=center;verticalAlign=middle;rounded=1;strokeColor=#0000ff;fontColor=#000000;edgeStyle=orthogonalEdgeStyle;jumpStyle=arc;jumpSize=6;html=1;jettySize=auto;orthogonalLoop=1;strokeWidth=3;whiteSpace=wrap;labelWidth=175;fontStyle=2"
      srcPortName="eastPort"
      trgPortName="westPort">
      <properties>
        <property
          name="label"><![CDATA[]]></property>
        <property
          name="type"><![CDATA[]]></property>
        <property
          name="linkPriority"><![CDATA[0]]></property>
      </properties>
      <line>
        <point
          x="162"
          y="71" />
        <point
          x="302"
          y="71" />
      </line>
    </connection>
  </connections>
  <comments></comments>
</reveDiagram>