<reveDiagram
  desc="Powered by FlowWright"
  testMode="false"
  testModeUserID=""
  schemaVersion="v2"
  defID="b330aa20-1de3-44cb-9919-c3b1e23628af">
  <figures>
    <figure
      id="d27b1384-e7cc-4ef6-8b13-de19cb267d71"
      name="start"
      type="start"
      x="40"
      y="39"
      isValid="true">
      <properties>
        <property
          name="label"><![CDATA[start]]></property>
        <property
          name="type"><![CDATA[start]]></property>
        <property
          name="itemName"><![CDATA[start]]></property>
        <property
          name="itemDescription"><![CDATA[]]></property>
        <property
          name="variables"><![CDATA[formID:String]]></property>
        <property
          name="requiredVars"><![CDATA[]]></property>
        <property
          name="globals"><![CDATA[]]></property>
        <property
          name="requiredGlobals"><![CDATA[]]></property>
        <property
          name="useSingleIteration"><![CDATA[]]></property>
        <property
          name="businessObjects"><![CDATA[]]></property>
        <property
          name="LogMessage"><![CDATA[]]></property>
        <property
          name="documentation"><![CDATA[]]></property>
        <property
          name="priority"><![CDATA[]]></property>
        <property
          name="isValid"><![CDATA[true]]></property>
      </properties>
    </figure>
    <figure
      id="589b8f63-9437-9f5a-7e15-98b5f550205c"
      name="Route Form - User Info"
      type="routeform"
      x="250"
      y="39"
      isValid="true"
      inConnections="2"
      outConnections="2">
      <properties>
        <property
          name="label"><![CDATA[Route Form - User Info]]></property>
        <property
          name="type"><![CDATA[routeform]]></property>
        <property
          name="inConnections"><![CDATA[2]]></property>
        <property
          name="outConnections"><![CDATA[2]]></property>
        <property
          name="itemName"><![CDATA[Route Form - User Info]]></property>
        <property
          name="itemDescription"><![CDATA[]]></property>
        <property
          name="taskName"><![CDATA[Route Form - User Info]]></property>
        <property
          name="taskDesc"><![CDATA[Route Form - User Info]]></property>
        <property
          name="routeTo"><![CDATA[Variable.initiatorID]]></property>
        <property
          name="routeToRoles"><![CDATA[]]></property>
        <property
          name="formDefinition"><![CDATA[71ae3529-6e35-4053-8a4b-e12abec9a077]]></property>
        <property
          name="formInstanceID"><![CDATA[variable.formID]]></property>
        <property
          name="priority"><![CDATA[Medium]]></property>
        <property
          name="daysToComplete"><![CDATA[1]]></property>
        <property
          name="expireType"><![CDATA[days]]></property>
        <property
          name="includeWeekends"><![CDATA[0]]></property>
        <property
          name="taskRoutingRules"><![CDATA[0]]></property>
        <property
          name="taskReminder"><![CDATA[]]></property>
        <property
          name="waitForAll"><![CDATA[no]]></property>
        <property
          name="sendEmailNotification"><![CDATA[no]]></property>
        <property
          name="sendSeparateEmails"><![CDATA[no]]></property>
        <property
          name="emailSubject"><![CDATA[]]></property>
        <property
          name="emailBody"><![CDATA[]]></property>
        <property
          name="emailFiles"><![CDATA[]]></property>
        <property
          name="emailCCList"><![CDATA[]]></property>
        <property
          name="hideReadOnlyFields"><![CDATA[]]></property>
        <property
          name="hideReadOnlySubForms"><![CDATA[]]></property>
        <property
          name="hideReadOnlyFieldsWithExpression"><![CDATA[]]></property>
        <property
          name="hideReadOnlySubFormsWithExpression"><![CDATA[]]></property>
        <property
          name="emailAddresses"><![CDATA[]]></property>
        <property
          name="userCanReAssign"><![CDATA[no]]></property>
        <property
          name="LogMessage"><![CDATA[]]></property>
        <property
          name="documentation"><![CDATA[]]></property>
        <property
          name="instState"><![CDATA[]]></property>
        <property
          name="instPercent"><![CDATA[]]></property>
        <property
          name="isValid"><![CDATA[true]]></property>
      </properties>
    </figure>
    <figure
      id="f8348d7a-2534-e140-68dd-36f2af154def"
      name="Place Holder"
      type="placeholder"
      x="440"
      y="40"
      isValid="true"
      inConnections="2"
      outConnections="2">
      <properties>
        <property
          name="label"><![CDATA[Place Holder]]></property>
        <property
          name="type"><![CDATA[placeholder]]></property>
        <property
          name="inConnections"><![CDATA[2]]></property>
        <property
          name="outConnections"><![CDATA[2]]></property>
        <property
          name="itemName"><![CDATA[Place Holder]]></property>
        <property
          name="itemDescription"><![CDATA[]]></property>
        <property
          name="LogMessage"><![CDATA[]]></property>
        <property
          name="documentation"><![CDATA[]]></property>
        <property
          name="instState"><![CDATA[]]></property>
        <property
          name="instPercent"><![CDATA[]]></property>
        <property
          name="isValid"><![CDATA[true]]></property>
      </properties>
    </figure>
  </figures>
  <connections>
    <connection
      id="dc586077-f009-e3e1-c374-cd1d858ae010"
      label="timeout"
      size="4"
      type=""
      srcParentID="589b8f63-9437-9f5a-7e15-98b5f550205c"
      srcParentName="Route Form - User Info"
      srcParentType="routeform"
      trgParentID="f8348d7a-2534-e140-68dd-36f2af154def"
      trgParentName="Place Holder"
      trgParentType="placeholder"
      router="junction"
      color="129ce4"
      lblx="365"
      lbly="60"
      style="shape=connector;labelBackgroundColor=#ffffff;endArrow=classic;fontSize=12;fontFamily=Helvetica;align=center;verticalAlign=middle;rounded=1;strokeColor=#129ce4;fontColor=#000000;edgeStyle=orthogonalEdgeStyle;jumpStyle=arc;jumpSize=6;html=1;jettySize=auto;orthogonalLoop=1;strokeWidth=4;fontStyle=2;whiteSpace=wrap;resizable=0;labelWidth=150"
      srcPortName="eastPort"
      trgPortName="westPort">
      <properties>
        <property
          name="label"><![CDATA[timeout]]></property>
        <property
          name="type"><![CDATA[]]></property>
        <property
          name="linkPriority"><![CDATA[0]]></property>
        <property
          name="link"><![CDATA[timeout]]></property>
      </properties>
      <line>
        <point
          x="290"
          y="59" />
        <point
          x="365"
          y="59" />
        <point
          x="365"
          y="60" />
        <point
          x="440"
          y="60" />
      </line>
    </connection>
    <connection
      id="15fdf396-51f7-f25e-3082-9eb639c9f433"
      label=""
      size="4"
      type=""
      srcParentID="d27b1384-e7cc-4ef6-8b13-de19cb267d71"
      srcParentName="start"
      srcParentType="start"
      trgParentID="589b8f63-9437-9f5a-7e15-98b5f550205c"
      trgParentName="Route Form - User Info"
      trgParentType="routeform"
      router="junction"
      color="3c78d8"
      lblx="165"
      lbly="59"
      style="shape=connector;labelBackgroundColor=#ffffff;endArrow=classic;fontSize=12;fontFamily=Helvetica;align=center;verticalAlign=middle;rounded=1;strokeColor=#3c78d8;fontColor=#000000;edgeStyle=orthogonalEdgeStyle;jumpStyle=arc;jumpSize=6;html=1;jettySize=auto;orthogonalLoop=1;strokeWidth=4"
      srcPortName="eastPort"
      trgPortName="westPort">
      <properties>
        <property
          name="label"><![CDATA[]]></property>
        <property
          name="type"><![CDATA[]]></property>
        <property
          name="linkPriority"><![CDATA[0]]></property>
      </properties>
      <line>
        <point
          x="80"
          y="59" />
        <point
          x="250"
          y="59" />
      </line>
    </connection>
  </connections>
  <comments></comments>
</reveDiagram>