<reveDiagram
  desc="Powered by FlowWright"
  testMode="false"
  testModeUserID=""
  schemaVersion="v2"
  defID="25c6cca6-50b3-4d8d-9b0f-da96d7e92778">
  <figures>
    <figure
      id="0ca48de2-4cb2-4a6f-bf87-405b9c34124d"
      name="start"
      type="start"
      x="58"
      y="39"
      isValid="true"
      isLocked="False">
      <properties>
        <property
          name="label"><![CDATA[start]]></property>
        <property
          name="type"><![CDATA[start]]></property>
        <property
          name="isValid"><![CDATA[true]]></property>
        <property
          name="itemName"><![CDATA[start]]></property>
        <property
          name="itemDescription"><![CDATA[]]></property>
        <property
          name="variables"><![CDATA[Row2Col1:String|Row2Col2:String|Row2Col3:String|Row2Col4:String]]></property>
        <property
          name="requiredVars"><![CDATA[]]></property>
        <property
          name="globals"><![CDATA[]]></property>
        <property
          name="requiredGlobals"><![CDATA[]]></property>
        <property
          name="useSingleIteration"><![CDATA[0]]></property>
        <property
          name="businessObjects"><![CDATA[]]></property>
        <property
          name="logMessage"><![CDATA[]]></property>
        <property
          name="documentation"><![CDATA[]]></property>
        <property
          name="priority"><![CDATA[Medium]]></property>
        <property
          name="errorDef"><![CDATA[]]></property>
        <property
          name="sub-def-name"><![CDATA[]]></property>
        <property
          name="abortDef"><![CDATA[]]></property>
        <property
          name="completeDef"><![CDATA[]]></property>
        <property
          name="LogMessage"><![CDATA[]]></property>
        <property
          name="instState"><![CDATA[]]></property>
        <property
          name="instPercent"><![CDATA[]]></property>
      </properties>
    </figure>
    <figure
      id="b60531de-0422-c674-8fd7-f67fac37b713"
      name="Read values from CSV and Excel"
      type="readvaluesfromcsvandexcel"
      x="270"
      y="39"
      isValid="true"
      inConnections="2"
      outConnections="2">
      <properties>
        <property
          name="label"><![CDATA[Read values from CSV and Excel]]></property>
        <property
          name="type"><![CDATA[readvaluesfromcsvandexcel]]></property>
        <property
          name="inConnections"><![CDATA[2]]></property>
        <property
          name="outConnections"><![CDATA[2]]></property>
        <property
          name="itemName"><![CDATA[Read values from CSV and Excel]]></property>
        <property
          name="itemDescription"><![CDATA[readValuesFromCSVandExcel]]></property>
        <property
          name="inputFilePath"><![CDATA[C:\FlowWright\wwwroot\TempFiles\5d7b95ec-3429-4319-891f-9ce2028a3027.xlsx]]></property>
        <property
          name="mapCellDataToVariables"><![CDATA[2~1~variable.Row2Col1|2~2~variable.Row2Col2|2~3~variable.Row2Col3|2~4~variable.Row2Col4]]></property>
        <property
          name="worksheetName"><![CDATA[Sheet1]]></property>
        <property
          name="LogMessage"><![CDATA[readValuesFromCSVandExcel - Variable.createdOn]]></property>
        <property
          name="documentation"><![CDATA[readValuesFromCSVandExcel - Variable.initiatorName]]></property>
        <property
          name="instState"><![CDATA[Development Steps]]></property>
        <property
          name="instPercent"><![CDATA[100]]></property>
        <property
          name="isValid"><![CDATA[true]]></property>
      </properties>
    </figure>
  </figures>
  <connections>
    <connection
      id="763a1bde-4145-d8dd-7be4-59aec25492c3"
      label=""
      size="4"
      type=""
      srcParentID="0ca48de2-4cb2-4a6f-bf87-405b9c34124d"
      srcParentType="start"
      trgParentID="b60531de-0422-c674-8fd7-f67fac37b713"
      trgParentType="readvaluesfromcsvandexcel"
      router="junction"
      color="3c78d8"
      lblx="184"
      lbly="59"
      style="shape=connector;labelBackgroundColor=#ffffff;endArrow=classic;fontSize=15;fontFamily=Helvetica;align=center;verticalAlign=middle;rounded=1;strokeColor=#3c78d8;fontColor=#000000;edgeStyle=orthogonalEdgeStyle;jumpStyle=arc;jumpSize=6;html=1;jettySize=auto;orthogonalLoop=1;strokeWidth=4"
      srcPortName="eastPort"
      trgPortName="westPort">
      <properties>
        <property
          name="label"><![CDATA[]]></property>
        <property
          name="type"><![CDATA[]]></property>
        <property
          name="linkPriority"><![CDATA[0]]></property>
      </properties>
      <line>
        <point
          x="98"
          y="59" />
        <point
          x="270"
          y="59" />
      </line>
    </connection>
  </connections>
  <comments></comments>
</reveDiagram>