<reveDiagram
  desc="Powered by FlowWright"
  testMode="false"
  testModeUserID=""
  schemaVersion="v2"
  defID="aa4517e6-418f-4074-8e87-789228764eb3">
  <figures>
    <figure
      id="a28966d3-a805-4708-9d4d-697eed937128"
      name="start"
      type="start"
      x="58"
      y="39"
      isValid="true"
      isLocked="False">
      <properties>
        <property
          name="label"><![CDATA[start]]></property>
        <property
          name="type"><![CDATA[start]]></property>
        <property
          name="isValid"><![CDATA[true]]></property>
        <property
          name="itemName"><![CDATA[start]]></property>
        <property
          name="itemDescription"><![CDATA[]]></property>
        <property
          name="variables"><![CDATA[num1:Number|num2:Number|sum:Number|intSum:Number]]></property>
        <property
          name="requiredVars"><![CDATA[]]></property>
        <property
          name="globals"><![CDATA[num3:Number]]></property>
        <property
          name="requiredGlobals"><![CDATA[]]></property>
        <property
          name="useSingleIteration"><![CDATA[0]]></property>
        <property
          name="businessObjects"><![CDATA[]]></property>
        <property
          name="logMessage"><![CDATA[]]></property>
        <property
          name="documentation"><![CDATA[]]></property>
        <property
          name="priority"><![CDATA[]]></property>
        <property
          name="LogMessage"><![CDATA[]]></property>
        <property
          name="instState"><![CDATA[]]></property>
        <property
          name="instPercent"><![CDATA[]]></property>
      </properties>
    </figure>
    <figure
      id="e009141d-4bb1-49eb-9597-9afa128cafa7"
      name="evalexpression"
      type="evalexpression"
      x="310"
      y="39"
      isValid="true"
      isLocked="False">
      <properties>
        <property
          name="label"><![CDATA[evalexpression]]></property>
        <property
          name="type"><![CDATA[evalexpression]]></property>
        <property
          name="isValid"><![CDATA[true]]></property>
        <property
          name="itemName"><![CDATA[evalexpression]]></property>
        <property
          name="itemDescription"><![CDATA[evalexpression]]></property>
        <property
          name="variableName"><![CDATA[Variable.intSum]]></property>
        <property
          name="expression"><![CDATA[Variable.num1 + Variable.num2 + Global.num3]]></property>
        <property
          name="logMessage"><![CDATA[]]></property>
        <property
          name="documentation"><![CDATA[evalexpression - Variable.initiatorName]]></property>
        <property
          name="LogMessage"><![CDATA[evalexpression - Variable.createdOn]]></property>
        <property
          name="instState"><![CDATA[Engine Steps]]></property>
        <property
          name="instPercent"><![CDATA[100]]></property>
      </properties>
    </figure>
  </figures>
  <connections>
    <connection
      id="5bf32ef9-54a8-d777-e598-41af4b7aedb8"
      label=""
      size="5"
      type=""
      srcParentID="a28966d3-a805-4708-9d4d-697eed937128"
      srcParentType="start"
      trgParentID="e009141d-4bb1-49eb-9597-9afa128cafa7"
      trgParentType="evalexpression"
      router="junction"
      color="3c78d8"
      lblx="204"
      lbly="59"
      style="shape=connector;labelBackgroundColor=#ffffff;endArrow=classic;fontSize=15;fontFamily=Helvetica;align=center;verticalAlign=middle;rounded=1;strokeColor=#3c78d8;fontColor=#000000;edgeStyle=orthogonalEdgeStyle;jumpStyle=arc;jumpSize=6;html=1;jettySize=auto;orthogonalLoop=1;strokeWidth=5;whiteSpace=wrap;labelWidth=187.5;fontStyle=2"
      srcPortName="eastPort"
      trgPortName="westPort">
      <properties>
        <property
          name="label"><![CDATA[]]></property>
        <property
          name="type"><![CDATA[]]></property>
        <property
          name="linkPriority"><![CDATA[0]]></property>
      </properties>
      <line>
        <point
          x="98"
          y="59" />
        <point
          x="310"
          y="59" />
      </line>
    </connection>
  </connections>
  <comments></comments>
</reveDiagram>