<reveDiagram
  desc="Powered by FlowWright"
  testMode="false"
  testModeUserID=""
  schemaVersion="v2"
  defID="932c7aaa-e0b6-4bca-acfc-80a532db5a66">
  <figures>
    <figure
      id="69e807d0-26eb-4953-bf25-b77aa6668a01"
      name="start"
      type="start"
      x="-440"
      y="110"
      isValid="true"
      isLocked="False">
      <properties>
        <property
          name="label"><![CDATA[start]]></property>
        <property
          name="type"><![CDATA[start]]></property>
        <property
          name="isValid"><![CDATA[true]]></property>
        <property
          name="itemName"><![CDATA[start]]></property>
        <property
          name="itemDescription"><![CDATA[]]></property>
        <property
          name="variables"><![CDATA[intResult:Number|intNo1:Number|intNo2:Number]]></property>
        <property
          name="requiredVars"><![CDATA[]]></property>
        <property
          name="globals"><![CDATA[intNo3:Number]]></property>
        <property
          name="requiredGlobals"><![CDATA[]]></property>
        <property
          name="useSingleIteration"><![CDATA[0]]></property>
        <property
          name="businessObjects"><![CDATA[]]></property>
        <property
          name="LogMessage"><![CDATA[]]></property>
        <property
          name="documentation"><![CDATA[]]></property>
        <property
          name="priority"><![CDATA[Low]]></property>
        <property
          name="instState"><![CDATA[]]></property>
        <property
          name="instPercent"><![CDATA[]]></property>
        <property
          name="errorDef"><![CDATA[]]></property>
        <property
          name="sub-def-name"><![CDATA[]]></property>
        <property
          name="abortDef"><![CDATA[]]></property>
        <property
          name="completeDef"><![CDATA[]]></property>
      </properties>
    </figure>
    <figure
      id="cdc3979c-c27f-b4e2-18d2-c067391a376d"
      name="Sub-Workflow"
      type="subworkflow"
      x="40"
      y="110"
      isValid="true"
      isLocked="False">
      <properties>
        <property
          name="label"><![CDATA[Sub-Workflow]]></property>
        <property
          name="type"><![CDATA[subworkflow]]></property>
        <property
          name="isValid"><![CDATA[true]]></property>
        <property
          name="itemName"><![CDATA[Sub-Workflow]]></property>
        <property
          name="itemDescription"><![CDATA[subworkflow]]></property>
        <property
          name="definitionID"><![CDATA[aa4517e6-418f-4074-8e87-789228764eb3]]></property>
        <property
          name="passVariablesToChild"><![CDATA[yes]]></property>
        <property
          name="passVariablesBackToParent"><![CDATA[yes]]></property>
        <property
          name="passGlobalsToChild"><![CDATA[yes]]></property>
        <property
          name="passGlobalsBackToParent"><![CDATA[yes]]></property>
        <property
          name="pcvarmap"><![CDATA[num1~Variable.intNo1|num2~Variable.intNo2|sum~Variable.intResult]]></property>
        <property
          name="pcglobalmap"><![CDATA[num3~Global.intNo3]]></property>
        <property
          name="isSynched"><![CDATA[yes]]></property>
        <property
          name="executionPriority"><![CDATA[Low]]></property>
        <property
          name="cpvarmap"><![CDATA[intSum~Variable.intResult]]></property>
        <property
          name="cpglobalmap"><![CDATA[]]></property>
        <property
          name="LogMessage"><![CDATA[subworkflow - Variable.createdOn]]></property>
        <property
          name="documentation"><![CDATA[subworkflow - Variable.initiatorName]]></property>
        <property
          name="sub-def-name"><![CDATA[Add Numbers thru SubWorkflow]]></property>
        <property
          name="instState"><![CDATA[Engine Steps]]></property>
        <property
          name="instPercent"><![CDATA[50]]></property>
      </properties>
    </figure>
    <figure
      id="f4e630d3-a415-839b-4896-4d7fba6d280f"
      name="Decision"
      type="decision"
      x="200"
      y="110"
      isValid="true"
      isLocked="False">
      <properties>
        <property
          name="label"><![CDATA[Decision]]></property>
        <property
          name="type"><![CDATA[decision]]></property>
        <property
          name="isValid"><![CDATA[true]]></property>
        <property
          name="itemName"><![CDATA[Decision]]></property>
        <property
          name="itemDescription"><![CDATA[decision]]></property>
        <property
          name="condition"><![CDATA[variable.intResult > 100]]></property>
        <property
          name="LogMessage"><![CDATA[decision - Variable.createdOn]]></property>
        <property
          name="documentation"><![CDATA[decision - Variable.initiatorName]]></property>
        <property
          name="instState"><![CDATA[Engine Steps]]></property>
        <property
          name="instPercent"><![CDATA[100]]></property>
      </properties>
    </figure>
    <figure
      id="18307762-d6cd-f3c0-7ce5-aea07090a543"
      name="Update Variables"
      type="updatevariable"
      x="-280"
      y="110"
      isValid="true"
      isLocked="False">
      <properties>
        <property
          name="label"><![CDATA[Update Variables]]></property>
        <property
          name="type"><![CDATA[updatevariable]]></property>
        <property
          name="isValid"><![CDATA[true]]></property>
        <property
          name="itemName"><![CDATA[Update Variables]]></property>
        <property
          name="itemDescription"><![CDATA[]]></property>
        <property
          name="updateVariables"><![CDATA[variable.intNo1~10|variable.intNo2~AVERAGE(10,20,30)]]></property>
        <property
          name="variableName"><![CDATA[]]></property>
        <property
          name="variableValue"><![CDATA[]]></property>
        <property
          name="hasExpression"><![CDATA[yes]]></property>
        <property
          name="LogMessage"><![CDATA[]]></property>
        <property
          name="documentation"><![CDATA[]]></property>
        <property
          name="instState"><![CDATA[]]></property>
        <property
          name="instPercent"><![CDATA[]]></property>
      </properties>
    </figure>
    <figure
      id="61798166-3fbe-fdea-1951-76fbef6b3c03"
      name="Place Holder"
      type="placeholder"
      x="370"
      y="110"
      isValid="true"
      isLocked="False">
      <properties>
        <property
          name="label"><![CDATA[Place Holder]]></property>
        <property
          name="type"><![CDATA[placeholder]]></property>
        <property
          name="isValid"><![CDATA[true]]></property>
        <property
          name="itemName"><![CDATA[Place Holder]]></property>
        <property
          name="itemDescription"><![CDATA[]]></property>
        <property
          name="LogMessage"><![CDATA[]]></property>
        <property
          name="documentation"><![CDATA[]]></property>
        <property
          name="instState"><![CDATA[]]></property>
        <property
          name="instPercent"><![CDATA[]]></property>
      </properties>
    </figure>
    <figure
      id="0c865d32-5e2d-2275-e0f7-0b6dc70c8226"
      name="Place Holder"
      type="placeholder"
      x="200"
      y="300"
      isValid="true"
      isLocked="False">
      <properties>
        <property
          name="label"><![CDATA[Place Holder]]></property>
        <property
          name="type"><![CDATA[placeholder]]></property>
        <property
          name="isValid"><![CDATA[true]]></property>
        <property
          name="itemName"><![CDATA[Place Holder]]></property>
        <property
          name="itemDescription"><![CDATA[]]></property>
        <property
          name="LogMessage"><![CDATA[]]></property>
        <property
          name="documentation"><![CDATA[]]></property>
        <property
          name="instState"><![CDATA[]]></property>
        <property
          name="instPercent"><![CDATA[]]></property>
      </properties>
    </figure>
    <figure
      id="24e8ff34-41da-e195-a539-da5c8692ac36"
      name="Update Globals"
      type="updateglobals"
      x="-110"
      y="110"
      isValid="true"
      isLocked="False">
      <properties>
        <property
          name="label"><![CDATA[Update Globals]]></property>
        <property
          name="type"><![CDATA[updateglobals]]></property>
        <property
          name="isValid"><![CDATA[true]]></property>
        <property
          name="itemName"><![CDATA[Update Globals]]></property>
        <property
          name="itemDescription"><![CDATA[]]></property>
        <property
          name="updateGlobals"><![CDATA[global.intNo3~COUNT(10,20,"Apple")]]></property>
        <property
          name="hasExpression"><![CDATA[yes]]></property>
        <property
          name="LogMessage"><![CDATA[]]></property>
        <property
          name="documentation"><![CDATA[]]></property>
        <property
          name="instState"><![CDATA[]]></property>
        <property
          name="instPercent"><![CDATA[]]></property>
      </properties>
    </figure>
  </figures>
  <connections>
    <connection
      id="ffb418c6-92b1-50f0-90be-e6de4b5aa3f8"
      label="False"
      size="5"
      type=""
      srcParentID="f4e630d3-a415-839b-4896-4d7fba6d280f"
      srcParentType="decision"
      trgParentID="0c865d32-5e2d-2275-e0f7-0b6dc70c8226"
      trgParentType="placeholder"
      router="junction"
      color="ff0000"
      lblx="220"
      lbly="225"
      style="shape=connector;labelBackgroundColor=#ffffff;endArrow=classic;fontSize=15;fontFamily=Helvetica;align=center;verticalAlign=middle;rounded=1;strokeColor=#ff0000;fontColor=#000000;edgeStyle=orthogonalEdgeStyle;jumpStyle=arc;jumpSize=6;html=1;jettySize=auto;orthogonalLoop=1;strokeWidth=5;whiteSpace=wrap;resizable=0;labelWidth=175;fontStyle=2"
      srcPortName="southPort"
      trgPortName="northPort">
      <properties>
        <property
          name="label"><![CDATA[False]]></property>
        <property
          name="type"><![CDATA[]]></property>
        <property
          name="linkPriority"><![CDATA[0]]></property>
        <property
          name="link"><![CDATA[False]]></property>
      </properties>
      <line>
        <point
          x="220"
          y="150" />
        <point
          x="220"
          y="300" />
      </line>
    </connection>
    <connection
      id="032a61a5-d3a4-3b0a-8a0d-9c830523dce8"
      label="True"
      size="5"
      type=""
      srcParentID="f4e630d3-a415-839b-4896-4d7fba6d280f"
      srcParentType="decision"
      trgParentID="61798166-3fbe-fdea-1951-76fbef6b3c03"
      trgParentType="placeholder"
      router="junction"
      color="00ff00"
      lblx="305"
      lbly="130"
      style="shape=connector;labelBackgroundColor=#ffffff;endArrow=classic;fontSize=15;fontFamily=Helvetica;align=center;verticalAlign=middle;rounded=1;strokeColor=#00ff00;fontColor=#000000;edgeStyle=orthogonalEdgeStyle;jumpStyle=arc;jumpSize=6;html=1;jettySize=auto;orthogonalLoop=1;strokeWidth=5;whiteSpace=wrap;resizable=0;labelWidth=175;fontStyle=2"
      srcPortName="eastPort"
      trgPortName="westPort">
      <properties>
        <property
          name="label"><![CDATA[True]]></property>
        <property
          name="type"><![CDATA[]]></property>
        <property
          name="linkPriority"><![CDATA[0]]></property>
        <property
          name="link"><![CDATA[True]]></property>
      </properties>
      <line>
        <point
          x="240"
          y="130" />
        <point
          x="370"
          y="130" />
      </line>
    </connection>
    <connection
      id="4abeb5d2-9b73-bfa3-2027-9056cfda1f92"
      label=""
      size="5"
      type=""
      srcParentID="24e8ff34-41da-e195-a539-da5c8692ac36"
      srcParentType="updateglobals"
      trgParentID="cdc3979c-c27f-b4e2-18d2-c067391a376d"
      trgParentType="subworkflow"
      router=""
      color="3c78d8"
      lblx="-15"
      lbly="130"
      style="shape=connector;labelBackgroundColor=#ffffff;endArrow=classic;fontSize=15;fontFamily=Helvetica;align=center;verticalAlign=middle;rounded=1;strokeColor=#3c78d8;fontColor=#000000;edgeStyle=orthogonalEdgeStyle;jumpStyle=arc;jumpSize=6;html=1;jettySize=auto;orthogonalLoop=1;strokeWidth=5;whiteSpace=wrap;labelWidth=175;fontStyle=2"
      srcPortName="eastPort"
      trgPortName="westPort">
      <properties>
        <property
          name="label"><![CDATA[]]></property>
        <property
          name="type"><![CDATA[]]></property>
      </properties>
      <line>
        <point
          x="-70"
          y="130" />
        <point
          x="40"
          y="130" />
      </line>
    </connection>
    <connection
      id="eb89d7ea-60f6-1d88-53c3-c12b274889fe"
      label=""
      size="5"
      type=""
      srcParentID="cdc3979c-c27f-b4e2-18d2-c067391a376d"
      srcParentType="subworkflow"
      trgParentID="f4e630d3-a415-839b-4896-4d7fba6d280f"
      trgParentType="decision"
      router="junction"
      color="3c78d8"
      lblx="140"
      lbly="130"
      style="shape=connector;labelBackgroundColor=#ffffff;endArrow=classic;fontSize=15;fontFamily=Helvetica;align=center;verticalAlign=middle;rounded=1;strokeColor=#3c78d8;fontColor=#000000;edgeStyle=orthogonalEdgeStyle;jumpStyle=arc;jumpSize=6;html=1;jettySize=auto;orthogonalLoop=1;strokeWidth=5;whiteSpace=wrap;labelWidth=175;fontStyle=2"
      srcPortName="eastPort"
      trgPortName="westPort">
      <properties>
        <property
          name="label"><![CDATA[]]></property>
        <property
          name="type"><![CDATA[]]></property>
        <property
          name="linkPriority"><![CDATA[0]]></property>
      </properties>
      <line>
        <point
          x="80"
          y="130" />
        <point
          x="200"
          y="130" />
      </line>
    </connection>
    <connection
      id="e42a5c85-b3c9-28cf-4a52-0b779a1fe3f6"
      label=""
      size="5"
      type=""
      srcParentID="69e807d0-26eb-4953-bf25-b77aa6668a01"
      srcParentType="start"
      trgParentID="18307762-d6cd-f3c0-7ce5-aea07090a543"
      trgParentType="updatevariable"
      router="junction"
      color="3c78d8"
      lblx="-340"
      lbly="130"
      style="shape=connector;labelBackgroundColor=#ffffff;endArrow=classic;fontSize=15;fontFamily=Helvetica;align=center;verticalAlign=middle;rounded=1;strokeColor=#3c78d8;fontColor=#000000;edgeStyle=orthogonalEdgeStyle;jumpStyle=arc;jumpSize=6;html=1;jettySize=auto;orthogonalLoop=1;strokeWidth=5;whiteSpace=wrap;labelWidth=175;fontStyle=2"
      srcPortName="eastPort"
      trgPortName="westPort">
      <properties>
        <property
          name="label"><![CDATA[]]></property>
        <property
          name="type"><![CDATA[]]></property>
        <property
          name="linkPriority"><![CDATA[0]]></property>
      </properties>
      <line>
        <point
          x="-400"
          y="130" />
        <point
          x="-280"
          y="130" />
      </line>
    </connection>
    <connection
      id="f86178ab-caee-d1e3-3c7a-bf669cfd675e"
      label=""
      size="5"
      type=""
      srcParentID="18307762-d6cd-f3c0-7ce5-aea07090a543"
      srcParentType="updatevariable"
      trgParentID="24e8ff34-41da-e195-a539-da5c8692ac36"
      trgParentType="updateglobals"
      router=""
      color="3c78d8"
      lblx="-175"
      lbly="130"
      style="shape=connector;labelBackgroundColor=#ffffff;endArrow=classic;fontSize=15;fontFamily=Helvetica;align=center;verticalAlign=middle;rounded=1;strokeColor=#3c78d8;fontColor=#000000;edgeStyle=orthogonalEdgeStyle;jumpStyle=arc;jumpSize=6;html=1;jettySize=auto;orthogonalLoop=1;strokeWidth=5;whiteSpace=wrap;labelWidth=175;fontStyle=2"
      srcPortName="eastPort"
      trgPortName="westPort">
      <properties>
        <property
          name="label"><![CDATA[]]></property>
        <property
          name="type"><![CDATA[]]></property>
      </properties>
      <line>
        <point
          x="-240"
          y="130" />
        <point
          x="-110"
          y="130" />
      </line>
    </connection>
  </connections>
  <comments></comments>
</reveDiagram>