<reveDiagram
  desc="Powered by FlowWright"
  testMode="false"
  testModeUserID=""
  schemaVersion="v2"
  defID="8635e0b2-ee7c-4c09-825a-7e19f0b29656">
  <figures>
    <figure
      id="6391d7c3-63d6-4e27-99c8-a39d7eddfcbc"
      name="start"
      type="start"
      x="40"
      y="39"
      isValid="true">
      <properties>
        <property
          name="label"><![CDATA[start]]></property>
        <property
          name="type"><![CDATA[start]]></property>
        <property
          name="itemName"><![CDATA[start]]></property>
        <property
          name="itemDescription"><![CDATA[]]></property>
        <property
          name="variables"><![CDATA[oTaskList:String|eTaskList:String]]></property>
        <property
          name="requiredVars"><![CDATA[]]></property>
        <property
          name="globals"><![CDATA[]]></property>
        <property
          name="requiredGlobals"><![CDATA[]]></property>
        <property
          name="useSingleIteration"><![CDATA[0]]></property>
        <property
          name="businessObjects"><![CDATA[]]></property>
        <property
          name="LogMessage"><![CDATA[]]></property>
        <property
          name="documentation"><![CDATA[]]></property>
        <property
          name="priority"><![CDATA[Medium]]></property>
        <property
          name="errorDef"><![CDATA[]]></property>
        <property
          name="sub-def-name"><![CDATA[]]></property>
        <property
          name="abortDef"><![CDATA[]]></property>
        <property
          name="completeDef"><![CDATA[]]></property>
        <property
          name="instState"><![CDATA[]]></property>
        <property
          name="instPercent"><![CDATA[]]></property>
        <property
          name="isValid"><![CDATA[true]]></property>
      </properties>
    </figure>
    <figure
      id="5881246d-592b-d50c-c720-2a610e7638de"
      name="Get open and overdue task list"
      type="opentasklistprocessdef"
      x="280"
      y="39"
      isValid="true"
      inConnections="2"
      outConnections="2">
      <properties>
        <property
          name="label"><![CDATA[Get open and overdue task list]]></property>
        <property
          name="type"><![CDATA[opentasklistprocessdef]]></property>
        <property
          name="inConnections"><![CDATA[2]]></property>
        <property
          name="outConnections"><![CDATA[2]]></property>
        <property
          name="itemName"><![CDATA[Get open and overdue task list]]></property>
        <property
          name="itemDescription"><![CDATA[openTaskListProcessDef]]></property>
        <property
          name="processDef"><![CDATA[277aac6b-2abf-47f7-954c-f2abd7c389a0]]></property>
        <property
          name="includeSub"><![CDATA[1]]></property>
        <property
          name="varGlobalStoreOpen"><![CDATA[variable.oTaskList]]></property>
        <property
          name="varGlobalStoreExpired"><![CDATA[variable.eTaskList]]></property>
        <property
          name="LogMessage"><![CDATA[openTaskListProcessDef - Variable.createdOn]]></property>
        <property
          name="documentation"><![CDATA[openTaskListProcessDef - Variable.initiatorName]]></property>
        <property
          name="sub-def-name"><![CDATA[]]></property>
        <property
          name="instState"><![CDATA[Task Step]]></property>
        <property
          name="instPercent"><![CDATA[100]]></property>
        <property
          name="isValid"><![CDATA[true]]></property>
      </properties>
    </figure>
  </figures>
  <connections>
    <connection
      id="f463f004-dee0-7139-a9e6-0e580c120c39"
      label=""
      size="4"
      type=""
      srcParentID="6391d7c3-63d6-4e27-99c8-a39d7eddfcbc"
      srcParentType="start"
      trgParentID="5881246d-592b-d50c-c720-2a610e7638de"
      trgParentType="opentasklistprocessdef"
      router="junction"
      color="3c78d8"
      lblx="180"
      lbly="59"
      style="shape=connector;labelBackgroundColor=#ffffff;endArrow=classic;fontSize=15;fontFamily=Helvetica;align=center;verticalAlign=middle;rounded=1;strokeColor=#3c78d8;fontColor=#000000;edgeStyle=orthogonalEdgeStyle;jumpStyle=arc;jumpSize=6;html=1;jettySize=auto;orthogonalLoop=1;strokeWidth=4"
      srcPortName="eastPort"
      trgPortName="westPort">
      <properties>
        <property
          name="label"><![CDATA[]]></property>
        <property
          name="type"><![CDATA[]]></property>
        <property
          name="linkPriority"><![CDATA[0]]></property>
      </properties>
      <line>
        <point
          x="80"
          y="59" />
        <point
          x="280"
          y="59" />
      </line>
    </connection>
  </connections>
  <comments></comments>
</reveDiagram>