<reveDiagram
  desc="Powered by FlowWright"
  testMode="false"
  testModeUserID=""
  schemaVersion="v2"
  defID="277aac6b-2abf-47f7-954c-f2abd7c389a0">
  <figures>
    <figure
      id="5f72e83c-717d-43e1-b203-a971337f5555"
      name="start"
      type="start"
      x="40"
      y="120"
      isValid="true">
      <properties>
        <property
          name="label"><![CDATA[start]]></property>
        <property
          name="type"><![CDATA[start]]></property>
        <property
          name="itemName"><![CDATA[start]]></property>
        <property
          name="itemDescription"><![CDATA[]]></property>
        <property
          name="variables"><![CDATA[]]></property>
        <property
          name="requiredVars"><![CDATA[]]></property>
        <property
          name="globals"><![CDATA[]]></property>
        <property
          name="requiredGlobals"><![CDATA[]]></property>
        <property
          name="useSingleIteration"><![CDATA[0]]></property>
        <property
          name="businessObjects"><![CDATA[]]></property>
        <property
          name="LogMessage"><![CDATA[]]></property>
        <property
          name="documentation"><![CDATA[]]></property>
        <property
          name="priority"><![CDATA[Medium]]></property>
        <property
          name="errorDef"><![CDATA[]]></property>
        <property
          name="sub-def-name"><![CDATA[]]></property>
        <property
          name="abortDef"><![CDATA[]]></property>
        <property
          name="completeDef"><![CDATA[]]></property>
        <property
          name="instState"><![CDATA[]]></property>
        <property
          name="instPercent"><![CDATA[]]></property>
        <property
          name="isValid"><![CDATA[true]]></property>
      </properties>
    </figure>
    <figure
      id="2d07fd5c-4af3-6300-dafd-f087a5070ff6"
      name="openTaskListProcess - Task1"
      type="task"
      x="40"
      y="320"
      isValid="true"
      inConnections="2"
      outConnections="2">
      <properties>
        <property
          name="label"><![CDATA[openTaskListProcess - Task1]]></property>
        <property
          name="type"><![CDATA[task]]></property>
        <property
          name="inConnections"><![CDATA[2]]></property>
        <property
          name="outConnections"><![CDATA[2]]></property>
        <property
          name="itemName"><![CDATA[openTaskListProcess - Task1]]></property>
        <property
          name="itemDescription"><![CDATA[]]></property>
        <property
          name="routeTo"><![CDATA[3781e2bb-947c-4476-8805-3f4cb5a37bbd;]]></property>
        <property
          name="routeToRoles"><![CDATA[]]></property>
        <property
          name="taskDesc"><![CDATA[openTaskListProcess - Task1]]></property>
        <property
          name="taskBody"><![CDATA[openTaskListProcess - Task1]]></property>
        <property
          name="routedItem"><![CDATA[openTaskListProcess - Task1]]></property>
        <property
          name="showURL"><![CDATA[]]></property>
        <property
          name="emailAddresses"><![CDATA[]]></property>
        <property
          name="priority"><![CDATA[]]></property>
        <property
          name="daysToComplete"><![CDATA[1]]></property>
        <property
          name="expireType"><![CDATA[days]]></property>
        <property
          name="includeWeekends"><![CDATA[0]]></property>
        <property
          name="useFullDuration"><![CDATA[no]]></property>
        <property
          name="taskRoutingRules"><![CDATA[0]]></property>
        <property
          name="taskReminder"><![CDATA[]]></property>
        <property
          name="waitForAll"><![CDATA[no]]></property>
        <property
          name="storeRouteToUsers"><![CDATA[]]></property>
        <property
          name="sendEmailNotification"><![CDATA[no]]></property>
        <property
          name="sendSeparateEmails"><![CDATA[no]]></property>
        <property
          name="fromEmail"><![CDATA[]]></property>
        <property
          name="emailSubject"><![CDATA[]]></property>
        <property
          name="emailBody"><![CDATA[]]></property>
        <property
          name="emailFiles"><![CDATA[]]></property>
        <property
          name="emailCCList"><![CDATA[]]></property>
        <property
          name="sendExpireEmail"><![CDATA[no]]></property>
        <property
          name="sendAckLink"><![CDATA[no]]></property>
        <property
          name="approveButtonLabel"><![CDATA[]]></property>
        <property
          name="rejectButtonLabel"><![CDATA[]]></property>
        <property
          name="hideRejectButton"><![CDATA[no]]></property>
        <property
          name="userCanReAssign"><![CDATA[no]]></property>
        <property
          name="commentRequired"><![CDATA[no]]></property>
        <property
          name="LogMessage"><![CDATA[]]></property>
        <property
          name="documentation"><![CDATA[]]></property>
        <property
          name="instState"><![CDATA[]]></property>
        <property
          name="instPercent"><![CDATA[]]></property>
        <property
          name="isValid"><![CDATA[true]]></property>
      </properties>
    </figure>
    <figure
      id="ef0d2f41-6080-3ffe-f915-b28c251760d5"
      name="Place Holder"
      type="placeholder"
      x="400"
      y="120"
      isValid="true"
      inConnections="2"
      outConnections="2">
      <properties>
        <property
          name="label"><![CDATA[Place Holder]]></property>
        <property
          name="type"><![CDATA[placeholder]]></property>
        <property
          name="inConnections"><![CDATA[2]]></property>
        <property
          name="outConnections"><![CDATA[2]]></property>
        <property
          name="itemName"><![CDATA[Place Holder]]></property>
        <property
          name="itemDescription"><![CDATA[]]></property>
        <property
          name="LogMessage"><![CDATA[]]></property>
        <property
          name="documentation"><![CDATA[]]></property>
        <property
          name="instState"><![CDATA[]]></property>
        <property
          name="instPercent"><![CDATA[]]></property>
        <property
          name="isValid"><![CDATA[true]]></property>
      </properties>
    </figure>
    <figure
      id="5cc29b11-42da-adb5-93ac-6c0fffb1c61b"
      name="Sub-Workflow"
      type="subworkflow"
      x="220"
      y="120"
      isValid="true"
      inConnections="2"
      outConnections="2">
      <properties>
        <property
          name="label"><![CDATA[Sub-Workflow]]></property>
        <property
          name="type"><![CDATA[subworkflow]]></property>
        <property
          name="inConnections"><![CDATA[2]]></property>
        <property
          name="outConnections"><![CDATA[2]]></property>
        <property
          name="itemName"><![CDATA[Sub-Workflow]]></property>
        <property
          name="itemDescription"><![CDATA[]]></property>
        <property
          name="definitionID"><![CDATA[dff9dc21-2716-4866-afcc-6279a49c1282]]></property>
        <property
          name="passVariablesToChild"><![CDATA[no]]></property>
        <property
          name="passVariablesBackToParent"><![CDATA[no]]></property>
        <property
          name="passGlobalsToChild"><![CDATA[no]]></property>
        <property
          name="passGlobalsBackToParent"><![CDATA[no]]></property>
        <property
          name="pcvarmap"><![CDATA[]]></property>
        <property
          name="pcglobalmap"><![CDATA[]]></property>
        <property
          name="isSynched"><![CDATA[yes]]></property>
        <property
          name="executionPriority"><![CDATA[Low]]></property>
        <property
          name="cpvarmap"><![CDATA[]]></property>
        <property
          name="cpglobalmap"><![CDATA[]]></property>
        <property
          name="LogMessage"><![CDATA[]]></property>
        <property
          name="documentation"><![CDATA[]]></property>
        <property
          name="sub-def-name"><![CDATA[openTaskList-SubProcess]]></property>
        <property
          name="instState"><![CDATA[]]></property>
        <property
          name="instPercent"><![CDATA[]]></property>
        <property
          name="isValid"><![CDATA[true]]></property>
      </properties>
    </figure>
  </figures>
  <connections>
    <connection
      id="e49e196b-45ef-925b-1f40-7d7a72dc0079"
      label="timeout"
      size="4"
      type=""
      srcParentID="2d07fd5c-4af3-6300-dafd-f087a5070ff6"
      srcParentType="task"
      trgParentID="ef0d2f41-6080-3ffe-f915-b28c251760d5"
      trgParentType="placeholder"
      router="junction"
      color="129ce4"
      lblx="340"
      lbly="340"
      style="shape=connector;labelBackgroundColor=#ffffff;endArrow=classic;fontSize=15;fontFamily=Helvetica;align=center;verticalAlign=middle;rounded=1;strokeColor=#129ce4;fontColor=#000000;edgeStyle=orthogonalEdgeStyle;jumpStyle=arc;jumpSize=6;html=1;jettySize=auto;orthogonalLoop=1;strokeWidth=4;fontStyle=2;whiteSpace=wrap;resizable=0;labelWidth=187.5"
      srcPortName="eastPort"
      trgPortName="southPort">
      <properties>
        <property
          name="label"><![CDATA[timeout]]></property>
        <property
          name="type"><![CDATA[]]></property>
        <property
          name="linkPriority"><![CDATA[0]]></property>
        <property
          name="link"><![CDATA[timeout]]></property>
      </properties>
      <line>
        <point
          x="80"
          y="340" />
        <point
          x="420"
          y="340" />
        <point
          x="420"
          y="160" />
      </line>
    </connection>
    <connection
      id="4f18d8f5-d005-270a-c9d6-62c8e4d37352"
      label=""
      size="4"
      type=""
      srcParentID="5f72e83c-717d-43e1-b203-a971337f5555"
      srcParentType="start"
      trgParentID="2d07fd5c-4af3-6300-dafd-f087a5070ff6"
      trgParentType="task"
      router="junction"
      color="3c78d8"
      lblx="60"
      lbly="240"
      style="shape=connector;labelBackgroundColor=#ffffff;endArrow=classic;fontSize=15;fontFamily=Helvetica;align=center;verticalAlign=middle;rounded=1;strokeColor=#3c78d8;fontColor=#000000;edgeStyle=orthogonalEdgeStyle;jumpStyle=arc;jumpSize=6;html=1;jettySize=auto;orthogonalLoop=1;strokeWidth=4"
      srcPortName="southPort"
      trgPortName="northPort">
      <properties>
        <property
          name="label"><![CDATA[]]></property>
        <property
          name="type"><![CDATA[]]></property>
        <property
          name="linkPriority"><![CDATA[0]]></property>
      </properties>
      <line>
        <point
          x="60"
          y="160" />
        <point
          x="60"
          y="320" />
      </line>
    </connection>
    <connection
      id="0956ea44-15f2-cfd5-6e72-a1fe2d5c7ff2"
      label=""
      size="4"
      type=""
      srcParentID="5cc29b11-42da-adb5-93ac-6c0fffb1c61b"
      srcParentType="subworkflow"
      trgParentID="ef0d2f41-6080-3ffe-f915-b28c251760d5"
      trgParentType="placeholder"
      router="junction"
      color="3c78d8"
      lblx="330"
      lbly="140"
      style="shape=connector;labelBackgroundColor=#ffffff;endArrow=classic;fontSize=15;fontFamily=Helvetica;align=center;verticalAlign=middle;rounded=1;strokeColor=#3c78d8;fontColor=#000000;edgeStyle=orthogonalEdgeStyle;jumpStyle=arc;jumpSize=6;html=1;jettySize=auto;orthogonalLoop=1;strokeWidth=4"
      srcPortName="eastPort"
      trgPortName="westPort">
      <properties>
        <property
          name="label"><![CDATA[]]></property>
        <property
          name="type"><![CDATA[]]></property>
        <property
          name="linkPriority"><![CDATA[0]]></property>
        <property
          name="link"><![CDATA[]]></property>
      </properties>
      <line>
        <point
          x="260"
          y="140" />
        <point
          x="400"
          y="140" />
      </line>
    </connection>
    <connection
      id="7ba49e77-e9cc-7906-7538-83d46744b39b"
      label=""
      size="4"
      type=""
      srcParentID="5f72e83c-717d-43e1-b203-a971337f5555"
      srcParentType="start"
      trgParentID="5cc29b11-42da-adb5-93ac-6c0fffb1c61b"
      trgParentType="subworkflow"
      router="junction"
      color="3c78d8"
      lblx="150"
      lbly="140"
      style="shape=connector;labelBackgroundColor=#ffffff;endArrow=classic;fontSize=15;fontFamily=Helvetica;align=center;verticalAlign=middle;rounded=1;strokeColor=#3c78d8;fontColor=#000000;edgeStyle=orthogonalEdgeStyle;jumpStyle=arc;jumpSize=6;html=1;jettySize=auto;orthogonalLoop=1;strokeWidth=4"
      srcPortName="eastPort"
      trgPortName="westPort">
      <properties>
        <property
          name="label"><![CDATA[]]></property>
        <property
          name="type"><![CDATA[]]></property>
        <property
          name="linkPriority"><![CDATA[0]]></property>
        <property
          name="link"><![CDATA[]]></property>
      </properties>
      <line>
        <point
          x="80"
          y="140" />
        <point
          x="220"
          y="140" />
      </line>
    </connection>
  </connections>
  <comments></comments>
</reveDiagram>