<reveDiagram
  desc="Powered by FlowWright"
  testMode="false"
  testModeUserID=""
  schemaVersion="v2"
  defID="dff9dc21-2716-4866-afcc-6279a49c1282">
  <figures>
    <figure
      id="19ea38f0-1929-4ecf-a0d2-6f59e27160c4"
      name="start"
      type="start"
      x="40"
      y="120"
      isValid="true">
      <properties>
        <property
          name="label"><![CDATA[start]]></property>
        <property
          name="type"><![CDATA[start]]></property>
        <property
          name="itemName"><![CDATA[start]]></property>
        <property
          name="itemDescription"><![CDATA[]]></property>
        <property
          name="variables"><![CDATA[]]></property>
        <property
          name="requiredVars"><![CDATA[]]></property>
        <property
          name="globals"><![CDATA[]]></property>
        <property
          name="requiredGlobals"><![CDATA[]]></property>
        <property
          name="useSingleIteration"><![CDATA[0]]></property>
        <property
          name="businessObjects"><![CDATA[]]></property>
        <property
          name="LogMessage"><![CDATA[]]></property>
        <property
          name="documentation"><![CDATA[]]></property>
        <property
          name="priority"><![CDATA[Medium]]></property>
        <property
          name="errorDef"><![CDATA[]]></property>
        <property
          name="sub-def-name"><![CDATA[]]></property>
        <property
          name="abortDef"><![CDATA[]]></property>
        <property
          name="completeDef"><![CDATA[]]></property>
        <property
          name="instState"><![CDATA[]]></property>
        <property
          name="instPercent"><![CDATA[]]></property>
        <property
          name="isValid"><![CDATA[true]]></property>
      </properties>
    </figure>
    <figure
      id="7652d2d2-08be-0dde-98c0-1938bfdfdc5d"
      name="openTaskListSubProcess - Task1"
      type="task"
      x="250"
      y="120"
      isValid="true"
      inConnections="2"
      outConnections="2">
      <properties>
        <property
          name="label"><![CDATA[openTaskListSubProcess - Task1]]></property>
        <property
          name="type"><![CDATA[task]]></property>
        <property
          name="inConnections"><![CDATA[2]]></property>
        <property
          name="outConnections"><![CDATA[2]]></property>
        <property
          name="itemName"><![CDATA[openTaskListSubProcess - Task1]]></property>
        <property
          name="itemDescription"><![CDATA[]]></property>
        <property
          name="routeTo"><![CDATA[9461be43-90dc-4fc5-bac7-3de633148879;]]></property>
        <property
          name="routeToRoles"><![CDATA[]]></property>
        <property
          name="taskDesc"><![CDATA[openTaskListSubProcess - Task1]]></property>
        <property
          name="taskBody"><![CDATA[openTaskListSubProcess - Task1]]></property>
        <property
          name="routedItem"><![CDATA[]]></property>
        <property
          name="showURL"><![CDATA[]]></property>
        <property
          name="emailAddresses"><![CDATA[]]></property>
        <property
          name="priority"><![CDATA[Medium]]></property>
        <property
          name="daysToComplete"><![CDATA[10]]></property>
        <property
          name="expireType"><![CDATA[minutes]]></property>
        <property
          name="includeWeekends"><![CDATA[0]]></property>
        <property
          name="useFullDuration"><![CDATA[no]]></property>
        <property
          name="taskRoutingRules"><![CDATA[0]]></property>
        <property
          name="taskReminder"><![CDATA[]]></property>
        <property
          name="waitForAll"><![CDATA[no]]></property>
        <property
          name="storeRouteToUsers"><![CDATA[]]></property>
        <property
          name="sendEmailNotification"><![CDATA[no]]></property>
        <property
          name="sendSeparateEmails"><![CDATA[no]]></property>
        <property
          name="fromEmail"><![CDATA[]]></property>
        <property
          name="emailSubject"><![CDATA[]]></property>
        <property
          name="emailBody"><![CDATA[]]></property>
        <property
          name="emailFiles"><![CDATA[]]></property>
        <property
          name="emailCCList"><![CDATA[]]></property>
        <property
          name="sendExpireEmail"><![CDATA[no]]></property>
        <property
          name="sendAckLink"><![CDATA[no]]></property>
        <property
          name="approveButtonLabel"><![CDATA[]]></property>
        <property
          name="rejectButtonLabel"><![CDATA[]]></property>
        <property
          name="hideRejectButton"><![CDATA[no]]></property>
        <property
          name="userCanReAssign"><![CDATA[no]]></property>
        <property
          name="commentRequired"><![CDATA[no]]></property>
        <property
          name="LogMessage"><![CDATA[]]></property>
        <property
          name="documentation"><![CDATA[]]></property>
        <property
          name="instState"><![CDATA[]]></property>
        <property
          name="instPercent"><![CDATA[]]></property>
        <property
          name="isValid"><![CDATA[true]]></property>
      </properties>
    </figure>
  </figures>
  <connections>
    <connection
      id="3cdc32b3-4de0-c5ea-90be-12cae673c138"
      label=""
      size="4"
      type=""
      srcParentID="19ea38f0-1929-4ecf-a0d2-6f59e27160c4"
      srcParentType="start"
      trgParentID="7652d2d2-08be-0dde-98c0-1938bfdfdc5d"
      trgParentType="task"
      router="junction"
      color="3c78d8"
      lblx="165"
      lbly="140"
      style="shape=connector;labelBackgroundColor=#ffffff;endArrow=classic;fontSize=15;fontFamily=Helvetica;align=center;verticalAlign=middle;rounded=1;strokeColor=#3c78d8;fontColor=#000000;edgeStyle=orthogonalEdgeStyle;jumpStyle=arc;jumpSize=6;html=1;jettySize=auto;orthogonalLoop=1;strokeWidth=4"
      srcPortName="eastPort"
      trgPortName="westPort">
      <properties>
        <property
          name="label"><![CDATA[]]></property>
        <property
          name="type"><![CDATA[]]></property>
        <property
          name="linkPriority"><![CDATA[0]]></property>
      </properties>
      <line>
        <point
          x="80"
          y="140" />
        <point
          x="250"
          y="140" />
      </line>
    </connection>
  </connections>
  <comments></comments>
</reveDiagram>