<reveDiagram
  desc="Powered by FlowWright"
  testMode="false"
  testModeUserID=""
  schemaVersion="v2"
  defID="f8b9aef3-0a93-42c1-af59-b72fc87c2b60">
  <figures>
    <figure
      id="cb424d39-9632-4553-bc09-2cc1e20c555e"
      name="start"
      type="start"
      x="40"
      y="39"
      isValid="true">
      <properties>
        <property
          name="label"><![CDATA[start]]></property>
        <property
          name="type"><![CDATA[start]]></property>
        <property
          name="itemName"><![CDATA[start]]></property>
        <property
          name="itemDescription"><![CDATA[]]></property>
        <property
          name="variables"><![CDATA[varResult:String]]></property>
        <property
          name="requiredVars"><![CDATA[]]></property>
        <property
          name="globals"><![CDATA[]]></property>
        <property
          name="requiredGlobals"><![CDATA[]]></property>
        <property
          name="useSingleIteration"><![CDATA[]]></property>
        <property
          name="businessObjects"><![CDATA[]]></property>
        <property
          name="LogMessage"><![CDATA[]]></property>
        <property
          name="documentation"><![CDATA[]]></property>
        <property
          name="priority"><![CDATA[]]></property>
        <property
          name="isValid"><![CDATA[true]]></property>
      </properties>
    </figure>
    <figure
      id="454b8413-dc72-8aba-23de-94e0f5817e1d"
      name="Get open and overdue task summary"
      type="tasksummaryprocessdef"
      x="290"
      y="39"
      isValid="true"
      inConnections="2"
      outConnections="2">
      <properties>
        <property
          name="label"><![CDATA[Get open and overdue task summary]]></property>
        <property
          name="type"><![CDATA[tasksummaryprocessdef]]></property>
        <property
          name="inConnections"><![CDATA[2]]></property>
        <property
          name="outConnections"><![CDATA[2]]></property>
        <property
          name="itemName"><![CDATA[Get open and overdue task summary]]></property>
        <property
          name="itemDescription"><![CDATA[TaskSummaryProcessDef]]></property>
        <property
          name="processDef"><![CDATA[277aac6b-2abf-47f7-954c-f2abd7c389a0]]></property>
        <property
          name="includeSub"><![CDATA[1]]></property>
        <property
          name="varGlobalStore"><![CDATA[variable.varResult]]></property>
        <property
          name="LogMessage"><![CDATA[TaskSummaryProcessDef - Variable.createdOn]]></property>
        <property
          name="documentation"><![CDATA[TaskSummaryProcessDef - Variable.initiatorName]]></property>
        <property
          name="sub-def-name"><![CDATA[]]></property>
        <property
          name="instState"><![CDATA[Task Step]]></property>
        <property
          name="instPercent"><![CDATA[100]]></property>
        <property
          name="isValid"><![CDATA[true]]></property>
      </properties>
    </figure>
  </figures>
  <connections>
    <connection
      id="c29fa23b-38c2-af80-5f60-4b416000d01d"
      label=""
      size="4"
      type=""
      srcParentID="cb424d39-9632-4553-bc09-2cc1e20c555e"
      srcParentType="start"
      trgParentID="454b8413-dc72-8aba-23de-94e0f5817e1d"
      trgParentType="tasksummaryprocessdef"
      router="junction"
      color="3c78d8"
      lblx="185"
      lbly="59"
      style="shape=connector;labelBackgroundColor=#ffffff;endArrow=classic;fontSize=15;fontFamily=Helvetica;align=center;verticalAlign=middle;rounded=1;strokeColor=#3c78d8;fontColor=#000000;edgeStyle=orthogonalEdgeStyle;jumpStyle=arc;jumpSize=6;html=1;jettySize=auto;orthogonalLoop=1;strokeWidth=4"
      srcPortName="eastPort"
      trgPortName="westPort">
      <properties>
        <property
          name="label"><![CDATA[]]></property>
        <property
          name="type"><![CDATA[]]></property>
        <property
          name="linkPriority"><![CDATA[0]]></property>
      </properties>
      <line>
        <point
          x="80"
          y="59" />
        <point
          x="290"
          y="59" />
      </line>
    </connection>
  </connections>
  <comments></comments>
</reveDiagram>