<reveDiagram
  desc="Powered by FlowWright"
  testMode="false"
  testModeUserID=""
  schemaVersion="v2"
  defID="5d4b7298-27be-442b-a6e0-6ecb6cd48b89">
  <figures>
    <figure
      id="76d8d600-87ed-4400-9785-59352f1390a4"
      name="start"
      type="start"
      x="40"
      y="120"
      isValid="true">
      <properties>
        <property
          name="label"><![CDATA[start]]></property>
        <property
          name="type"><![CDATA[start]]></property>
        <property
          name="itemName"><![CDATA[start]]></property>
        <property
          name="itemDescription"><![CDATA[]]></property>
        <property
          name="variables"><![CDATA[formID:String]]></property>
        <property
          name="requiredVars"><![CDATA[]]></property>
        <property
          name="globals"><![CDATA[]]></property>
        <property
          name="requiredGlobals"><![CDATA[]]></property>
        <property
          name="useSingleIteration"><![CDATA[0]]></property>
        <property
          name="businessObjects"><![CDATA[]]></property>
        <property
          name="LogMessage"><![CDATA[]]></property>
        <property
          name="documentation"><![CDATA[]]></property>
        <property
          name="priority"><![CDATA[Medium]]></property>
        <property
          name="errorDef"><![CDATA[]]></property>
        <property
          name="sub-def-name"><![CDATA[]]></property>
        <property
          name="abortDef"><![CDATA[]]></property>
        <property
          name="completeDef"><![CDATA[]]></property>
        <property
          name="instState"><![CDATA[]]></property>
        <property
          name="instPercent"><![CDATA[]]></property>
        <property
          name="isValid"><![CDATA[true]]></property>
      </properties>
    </figure>
    <figure
      id="a401e6f0-ab9e-800d-90c3-8f733bc93f2f"
      name="Approve Reject Route Form"
      type="routeform"
      x="240"
      y="120"
      isValid="true"
      inConnections="2"
      outConnections="2">
      <properties>
        <property
          name="label"><![CDATA[Approve Reject Route Form]]></property>
        <property
          name="type"><![CDATA[routeform]]></property>
        <property
          name="inConnections"><![CDATA[2]]></property>
        <property
          name="outConnections"><![CDATA[2]]></property>
        <property
          name="itemName"><![CDATA[Approve Reject Route Form]]></property>
        <property
          name="itemDescription"><![CDATA[]]></property>
        <property
          name="taskName"><![CDATA[Approve Reject Route Form]]></property>
        <property
          name="taskDesc"><![CDATA[Approve Reject Route Form]]></property>
        <property
          name="routeTo"><![CDATA[Variable.initiatorID]]></property>
        <property
          name="routeToRoles"><![CDATA[]]></property>
        <property
          name="formDefinition"><![CDATA[d129817a-b901-4159-bced-b0a19e28822e]]></property>
        <property
          name="formInstanceID"><![CDATA[variable.formID]]></property>
        <property
          name="priority"><![CDATA[Medium]]></property>
        <property
          name="daysToComplete"><![CDATA[1]]></property>
        <property
          name="expireType"><![CDATA[hours]]></property>
        <property
          name="includeWeekends"><![CDATA[0]]></property>
        <property
          name="taskRoutingRules"><![CDATA[0]]></property>
        <property
          name="taskReminder"><![CDATA[]]></property>
        <property
          name="waitForAll"><![CDATA[no]]></property>
        <property
          name="sendEmailNotification"><![CDATA[no]]></property>
        <property
          name="sendSeparateEmails"><![CDATA[no]]></property>
        <property
          name="emailSubject"><![CDATA[]]></property>
        <property
          name="emailBody"><![CDATA[]]></property>
        <property
          name="emailFiles"><![CDATA[]]></property>
        <property
          name="emailCCList"><![CDATA[]]></property>
        <property
          name="hideReadOnlyFields"><![CDATA[]]></property>
        <property
          name="hideReadOnlySubForms"><![CDATA[]]></property>
        <property
          name="hideReadOnlyFieldsWithExpression"><![CDATA[]]></property>
        <property
          name="hideReadOnlySubFormsWithExpression"><![CDATA[]]></property>
        <property
          name="emailAddresses"><![CDATA[]]></property>
        <property
          name="userCanReAssign"><![CDATA[no]]></property>
        <property
          name="LogMessage"><![CDATA[]]></property>
        <property
          name="documentation"><![CDATA[]]></property>
        <property
          name="instState"><![CDATA[]]></property>
        <property
          name="instPercent"><![CDATA[]]></property>
        <property
          name="isValid"><![CDATA[true]]></property>
      </properties>
    </figure>
  </figures>
  <connections>
    <connection
      id="ebc6ae03-66d7-2ce1-8e2d-43bbb212e0bb"
      label=""
      size="4"
      type=""
      srcParentID="76d8d600-87ed-4400-9785-59352f1390a4"
      srcParentType="start"
      trgParentID="a401e6f0-ab9e-800d-90c3-8f733bc93f2f"
      trgParentType="routeform"
      router="junction"
      color="3c78d8"
      lblx="160"
      lbly="140"
      style="shape=connector;labelBackgroundColor=#ffffff;endArrow=classic;fontSize=15;fontFamily=Helvetica;align=center;verticalAlign=middle;rounded=1;strokeColor=#3c78d8;fontColor=#000000;edgeStyle=orthogonalEdgeStyle;jumpStyle=arc;jumpSize=6;html=1;jettySize=auto;orthogonalLoop=1;strokeWidth=4"
      srcPortName="eastPort"
      trgPortName="westPort">
      <properties>
        <property
          name="label"><![CDATA[]]></property>
        <property
          name="type"><![CDATA[]]></property>
        <property
          name="linkPriority"><![CDATA[0]]></property>
      </properties>
      <line>
        <point
          x="80"
          y="140" />
        <point
          x="240"
          y="140" />
      </line>
    </connection>
  </connections>
  <comments></comments>
</reveDiagram>