<reveDiagram desc="Powered by cDevWorkflow" testMode="false" testModeUserID="" defID="08929eb5-8976-4e62-b033-ed8ce4a5bdeb">
  <figures>
    <figure id="70e785ab-2b82-4a1b-8dc8-f5b42256b8bc" name="start" type="start" x="-540" y="-10" isValid="true">
      <properties>
        <property name="label"><![CDATA[start]]></property>
        <property name="type"><![CDATA[start]]></property>
        <property name="isValid"><![CDATA[true]]></property>
        <property name="itemName"><![CDATA[start]]></property>
        <property name="itemDescription"><![CDATA[]]></property>
        <property name="variables"><![CDATA[EMI_Monthly:Number|Principal:Number|RateOfInterest:Number|TaskName:String|TenureYrs:Number|formInstID:String|datevariable:Date]]></property>
        <property name="requiredVars"><![CDATA[]]></property>
        <property name="globals"><![CDATA[dateglobal:Date]]></property>
        <property name="requiredGlobals"><![CDATA[]]></property>
        <property name="useSingleIteration"><![CDATA[0]]></property>
        <property name="businessObjects"><![CDATA[]]></property>
        <property name="logMessage"><![CDATA[]]></property>
        <property name="documentation"><![CDATA[]]></property>
      </properties>
    </figure>
    <figure id="1f1b39f5-5d5b-ee22-063e-fcad6bb33b03" name="routeform" type="routeform" x="-320" y="-10" isValid="true">
      <properties>
        <property name="label"><![CDATA[routeform]]></property>
        <property name="type"><![CDATA[routeform]]></property>
        <property name="isValid"><![CDATA[true]]></property>
        <property name="itemName"><![CDATA[routeform]]></property>
        <property name="itemDescription"><![CDATA[routeform sample survey]]></property>
        <property name="taskName"><![CDATA[routeform]]></property>
        <property name="taskDesc"><![CDATA[<p><span style="background-color: rgb(220, 220, 220); color: rgb(108, 114, 147); font-size: 13px; white-space: nowrap; font-family: var(--fw-font-family, &quot;Poppins&quot;) ;">CSR-383-ChangingFormAfterRouting</span></p><p><span style="font-size: 13px; white-space: nowrap; color: rgb(108, 114, 147); background-color: rgb(220, 220, 220); font-family: var(--fw-font-family, &quot;Poppins&quot;) ;">Variable.initiatorID +&nbsp; " - " + Variable.initiatorName</span><br></p><p><br></p>]]></property>
        <property name="routeTo"><![CDATA[b1d40f9c-9bd1-4c38-8438-2089d0d2b265;b1d40f9c-9bd1-4c38-8438-2089d0d2b265;]]></property>
        <property name="routeToRoles"><![CDATA[]]></property>
        <property name="formDefinition"><![CDATA[90a07175-4c34-4195-91c6-90eeb28af333]]></property>
        <property name="formInstanceID"><![CDATA[variable.formInstID]]></property>
        <property name="priority"><![CDATA[Low]]></property>
        <property name="daysToComplete"><![CDATA[1]]></property>
        <property name="expireType"><![CDATA[days]]></property>
        <property name="includeWeekends"><![CDATA[0]]></property>
        <property name="taskReminder"><![CDATA[]]></property>
        <property name="taskRoutingRules"><![CDATA[0]]></property>
        <property name="sendEmailNotification"><![CDATA[no]]></property>
        <property name="emailSubject"><![CDATA[CSR-383-ChangingFormAfterRouting]]></property>
        <property name="emailBody"><![CDATA[<p>CSR-383-ChangingFormAfterRouting<br></p>]]></property>
        <property name="hideReadOnlyFields"><![CDATA[]]></property>
        <property name="hideReadOnlySubForms"><![CDATA[]]></property>
        <property name="emailFiles"><![CDATA[]]></property>
        <property name="emailAddresses"><![CDATA[offshoresupport@flowwright.com]]></property>
        <property name="userCanReAssign"><![CDATA[yes]]></property>
        <property name="logMessage"><![CDATA[]]></property>
        <property name="documentation"><![CDATA[]]></property>
        <property name="taskDesc_TemplateID"><![CDATA[]]></property>
        <property name="emailBody_TemplateID"><![CDATA[]]></property>
      </properties>
    </figure>
  </figures>
  <connections>
    <connection id="c99acd9b-4901-9394-9610-22c2095a3729" label="" size="3" type="" srcParentID="70e785ab-2b82-4a1b-8dc8-f5b42256b8bc" srcParentType="start" trgParentID="1f1b39f5-5d5b-ee22-063e-fcad6bb33b03" trgParentType="routeform" router="draw2d.layout.connection.InteractiveManhattanConnectionRouter" color="0000ff" lblx="-430" lbly="10" style="shape=connector;labelBackgroundColor=#ffffff;endArrow=classic;fontSize=14;fontFamily=Helvetica;align=center;verticalAlign=middle;rounded=1;strokeColor=#0000ff;fontColor=#000000;edgeStyle=orthogonalEdgeStyle;jumpStyle=arc;jumpSize=6;orthogonalLoop=1;jettySize=auto;html=1;exitX=0;exitY=1;exitDx=0;exitDy=0;entryX=0;entryY=0.25;entryDx=0;entryDy=0;strokeWidth=3;whiteSpace=wrap;labelWidth=175;" srcPortName="southPort" trgPortName="westPort">
      <properties>
        <property name="label"><![CDATA[]]></property>
        <property name="type"><![CDATA[]]></property>
        <property name="router"><![CDATA[draw2d.layout.connection.InteractiveManhattanConnectionRouter]]></property>
        <property name="linkPriority"><![CDATA[0]]></property>
      </properties>
      <line>
        <point x="-520" y="30" />
        <point x="-520" y="10" />
        <point x="-320" y="10" />
      </line>
    </connection>
  </connections>
  <comments></comments>
</reveDiagram>