<reveDiagram
  desc="Powered by FlowWright"
  testMode="false"
  testModeUserID=""
  schemaVersion="v2"
  defID="67a1dd7c-4d5e-4655-b4f5-cf51396cea46">
  <figures>
    <figure
      id="d6b44fb3-4330-4afd-b5b7-1cb579338d85"
      name="start"
      type="start"
      x="58"
      y="39"
      isValid="true"
      isLocked="False">
      <properties>
        <property
          name="label"><![CDATA[start]]></property>
        <property
          name="type"><![CDATA[start]]></property>
        <property
          name="isValid"><![CDATA[true]]></property>
        <property
          name="itemName"><![CDATA[start]]></property>
        <property
          name="itemDescription"><![CDATA[]]></property>
        <property
          name="variables"><![CDATA[var1:String|var2:String]]></property>
        <property
          name="requiredVars"><![CDATA[]]></property>
        <property
          name="globals"><![CDATA[]]></property>
        <property
          name="requiredGlobals"><![CDATA[]]></property>
        <property
          name="useSingleIteration"><![CDATA[0]]></property>
        <property
          name="businessObjects"><![CDATA[]]></property>
        <property
          name="logMessage"><![CDATA[]]></property>
        <property
          name="documentation"><![CDATA[]]></property>
      </properties>
    </figure>
    <figure
      id="c968e000-66c4-4114-45f8-be7bba432fff"
      name="Wait For Msg"
      type="waitformessage"
      x="200"
      y="39"
      isValid="true"
      isLocked="False">
      <properties>
        <property
          name="label"><![CDATA[Wait For Msg]]></property>
        <property
          name="type"><![CDATA[waitformessage]]></property>
        <property
          name="isValid"><![CDATA[true]]></property>
        <property
          name="itemName"><![CDATA[Wait For Msg]]></property>
        <property
          name="itemDescription"><![CDATA[]]></property>
        <property
          name="waitMessage"><![CDATA[Approve 1]]></property>
        <property
          name="logMessage"><![CDATA[]]></property>
        <property
          name="documentation"><![CDATA[]]></property>
        <property
          name="LogMessage"><![CDATA[]]></property>
        <property
          name="instState"><![CDATA[]]></property>
        <property
          name="instPercent"><![CDATA[]]></property>
      </properties>
    </figure>
    <figure
      id="593ead24-f32c-a618-06c5-8465f7a118be"
      name="Update Variables"
      type="updatevariable"
      x="370"
      y="39"
      isValid="true"
      isLocked="False">
      <properties>
        <property
          name="label"><![CDATA[Update Variables]]></property>
        <property
          name="type"><![CDATA[updatevariable]]></property>
        <property
          name="isValid"><![CDATA[true]]></property>
        <property
          name="itemName"><![CDATA[Update Variables]]></property>
        <property
          name="itemDescription"><![CDATA[]]></property>
        <property
          name="updateVariables"><![CDATA[variable.var1~Hello World|variable.var2~9880512345]]></property>
        <property
          name="variableName"><![CDATA[]]></property>
        <property
          name="variableValue"><![CDATA[]]></property>
        <property
          name="hasExpression"><![CDATA[no]]></property>
        <property
          name="logMessage"><![CDATA[]]></property>
        <property
          name="documentation"><![CDATA[]]></property>
        <property
          name="LogMessage"><![CDATA[]]></property>
        <property
          name="instState"><![CDATA[]]></property>
        <property
          name="instPercent"><![CDATA[]]></property>
      </properties>
    </figure>
    <figure
      id="e8cfb6b4-105b-f13c-b3bb-b0886d847970"
      name="Wait For Msg"
      type="waitformessage"
      x="540"
      y="39"
      isValid="true"
      isLocked="False">
      <properties>
        <property
          name="label"><![CDATA[Wait For Msg]]></property>
        <property
          name="type"><![CDATA[waitformessage]]></property>
        <property
          name="isValid"><![CDATA[true]]></property>
        <property
          name="itemName"><![CDATA[Wait For Msg]]></property>
        <property
          name="itemDescription"><![CDATA[]]></property>
        <property
          name="waitMessage"><![CDATA[Approve 2]]></property>
        <property
          name="logMessage"><![CDATA[]]></property>
        <property
          name="documentation"><![CDATA[]]></property>
        <property
          name="LogMessage"><![CDATA[]]></property>
        <property
          name="instState"><![CDATA[]]></property>
        <property
          name="instPercent"><![CDATA[]]></property>
      </properties>
    </figure>
  </figures>
  <connections>
    <connection
      id="4d5a62c3-d084-ac7c-aafa-0d3963131558"
      label=""
      size="3"
      type=""
      srcParentID="d6b44fb3-4330-4afd-b5b7-1cb579338d85"
      srcParentType="start"
      trgParentID="c968e000-66c4-4114-45f8-be7bba432fff"
      trgParentType="waitformessage"
      router="draw2d.layout.connection.InteractiveManhattanConnectionRouter"
      color="0000ff"
      lblx="149"
      lbly="59"
      style="shape=connector;labelBackgroundColor=#ffffff;endArrow=classic;fontSize=15;fontFamily=Helvetica;align=center;verticalAlign=middle;rounded=1;strokeColor=#0000ff;fontColor=#000000;edgeStyle=orthogonalEdgeStyle;jumpStyle=arc;jumpSize=6;html=1;jettySize=auto;orthogonalLoop=1;strokeWidth=3;whiteSpace=wrap;labelWidth=225;fontStyle=2"
      srcPortName="eastPort"
      trgPortName="westPort">
      <properties>
        <property
          name="label"><![CDATA[]]></property>
        <property
          name="type"><![CDATA[]]></property>
        <property
          name="linkPriority"><![CDATA[0]]></property>
      </properties>
      <line>
        <point
          x="98"
          y="59" />
        <point
          x="200"
          y="59" />
      </line>
    </connection>
    <connection
      id="dc19983a-f150-d8f0-2df9-8b44523cc188"
      label=""
      size="3"
      type=""
      srcParentID="c968e000-66c4-4114-45f8-be7bba432fff"
      srcParentType="waitformessage"
      trgParentID="593ead24-f32c-a618-06c5-8465f7a118be"
      trgParentType="updatevariable"
      router="draw2d.layout.connection.InteractiveManhattanConnectionRouter"
      color="0000ff"
      lblx="305"
      lbly="59"
      style="shape=connector;labelBackgroundColor=#ffffff;endArrow=classic;fontSize=15;fontFamily=Helvetica;align=center;verticalAlign=middle;rounded=1;strokeColor=#0000ff;fontColor=#000000;edgeStyle=orthogonalEdgeStyle;jumpStyle=arc;jumpSize=6;html=1;jettySize=auto;orthogonalLoop=1;strokeWidth=3;whiteSpace=wrap;labelWidth=225;fontStyle=2"
      srcPortName="eastPort"
      trgPortName="westPort">
      <properties>
        <property
          name="label"><![CDATA[]]></property>
        <property
          name="type"><![CDATA[]]></property>
        <property
          name="linkPriority"><![CDATA[0]]></property>
      </properties>
      <line>
        <point
          x="240"
          y="59" />
        <point
          x="370"
          y="59" />
      </line>
    </connection>
    <connection
      id="04a06190-ded7-037b-2036-34736fbef283"
      label=""
      size="3"
      type=""
      srcParentID="593ead24-f32c-a618-06c5-8465f7a118be"
      srcParentType="updatevariable"
      trgParentID="e8cfb6b4-105b-f13c-b3bb-b0886d847970"
      trgParentType="waitformessage"
      router="draw2d.layout.connection.InteractiveManhattanConnectionRouter"
      color="0000ff"
      lblx="475"
      lbly="59"
      style="shape=connector;labelBackgroundColor=#ffffff;endArrow=classic;fontSize=15;fontFamily=Helvetica;align=center;verticalAlign=middle;rounded=1;strokeColor=#0000ff;fontColor=#000000;edgeStyle=orthogonalEdgeStyle;jumpStyle=arc;jumpSize=6;html=1;jettySize=auto;orthogonalLoop=1;strokeWidth=3;whiteSpace=wrap;labelWidth=225;fontStyle=2"
      srcPortName="eastPort"
      trgPortName="westPort">
      <properties>
        <property
          name="label"><![CDATA[]]></property>
        <property
          name="type"><![CDATA[]]></property>
        <property
          name="linkPriority"><![CDATA[0]]></property>
      </properties>
      <line>
        <point
          x="410"
          y="59" />
        <point
          x="540"
          y="59" />
      </line>
    </connection>
  </connections>
  <comments></comments>
</reveDiagram>