<reveDiagram
  desc="Powered by FlowWright"
  testMode="false"
  testModeUserID=""
  schemaVersion="v2"
  defID="5d4302fc-cad2-4519-ab7b-1c37c411da5b">
  <figures>
    <figure
      id="988b2d4c-f5ff-45ce-9c13-5e0a6c385037"
      name="start"
      type="start"
      x="90"
      y="100"
      isValid="true"
      isLocked="False">
      <properties>
        <property
          name="label"><![CDATA[start]]></property>
        <property
          name="type"><![CDATA[start]]></property>
        <property
          name="isValid"><![CDATA[true]]></property>
        <property
          name="itemName"><![CDATA[start]]></property>
        <property
          name="itemDescription"><![CDATA[]]></property>
        <property
          name="variables"><![CDATA[]]></property>
        <property
          name="requiredVars"><![CDATA[]]></property>
        <property
          name="globals"><![CDATA[]]></property>
        <property
          name="requiredGlobals"><![CDATA[]]></property>
        <property
          name="useSingleIteration"><![CDATA[0]]></property>
        <property
          name="businessObjects"><![CDATA[]]></property>
        <property
          name="LogMessage"><![CDATA[]]></property>
        <property
          name="documentation"><![CDATA[]]></property>
        <property
          name="priority"><![CDATA[Low]]></property>
        <property
          name="instState"><![CDATA[]]></property>
        <property
          name="instPercent"><![CDATA[]]></property>
        <property
          name="errorDef"><![CDATA[]]></property>
        <property
          name="sub-def-name"><![CDATA[]]></property>
        <property
          name="abortDef"><![CDATA[]]></property>
        <property
          name="completeDef"><![CDATA[]]></property>
      </properties>
    </figure>
    <figure
      id="1e36d46d-ab83-40de-b96c-534d2abefabe"
      name="Send message to process"
      type="sendmessagestoprocess"
      x="310"
      y="100"
      isValid="true"
      isLocked="False">
      <properties>
        <property
          name="label"><![CDATA[Send message to process]]></property>
        <property
          name="type"><![CDATA[sendmessagestoprocess]]></property>
        <property
          name="isValid"><![CDATA[true]]></property>
        <property
          name="itemName"><![CDATA[Send message to process]]></property>
        <property
          name="itemDescription"><![CDATA[sendMessagesToProcess]]></property>
        <property
          name="waitMessage"><![CDATA[Approve 1]]></property>
        <property
          name="instanceID"><![CDATA[2f07d550-f77d-43c2-8a34-c96b5a55b3de]]></property>
        <property
          name="LogMessage"><![CDATA[sendMessagesToProcess - Variable.createdOn]]></property>
        <property
          name="documentation"><![CDATA[sendMessagesToProcess - Variable.initiatorName]]></property>
        <property
          name="instState"><![CDATA[Engine Step]]></property>
        <property
          name="instPercent"><![CDATA[100]]></property>
      </properties>
    </figure>
  </figures>
  <connections>
    <connection
      id="54bf4e56-876f-4916-9d5a-f5c974baf910"
      label=""
      size="5"
      type=""
      srcParentID="988b2d4c-f5ff-45ce-9c13-5e0a6c385037"
      srcParentType="start"
      trgParentID="1e36d46d-ab83-40de-b96c-534d2abefabe"
      trgParentType="sendmessagestoprocess"
      router="junction"
      color="3c78d8"
      lblx="220"
      lbly="120"
      style="shape=connector;labelBackgroundColor=#ffffff;endArrow=classic;fontSize=15;fontFamily=Helvetica;align=center;verticalAlign=middle;rounded=1;strokeColor=#3c78d8;fontColor=#000000;edgeStyle=orthogonalEdgeStyle;jumpStyle=arc;jumpSize=6;html=1;jettySize=auto;orthogonalLoop=1;strokeWidth=5;whiteSpace=wrap;labelWidth=150;fontStyle=2"
      srcPortName="eastPort"
      trgPortName="westPort">
      <properties>
        <property
          name="label"><![CDATA[]]></property>
        <property
          name="type"><![CDATA[]]></property>
        <property
          name="linkPriority"><![CDATA[0]]></property>
        <property
          name="link"><![CDATA[]]></property>
      </properties>
      <line>
        <point
          x="130"
          y="120" />
        <point
          x="310"
          y="120" />
      </line>
    </connection>
  </connections>
  <comments></comments>
</reveDiagram>