<reveDiagram
  desc="Powered by FlowWright"
  testMode="false"
  testModeUserID=""
  schemaVersion="v2"
  defID="b597ddec-23c9-49ee-8a67-219aa7c12323">
  <figures>
    <figure
      id="fb2c7cd5-911a-4584-b3b0-701b2f992786"
      name="start"
      type="start"
      x="-10"
      y="50"
      isValid="true"
      isLocked="False">
      <properties>
        <property
          name="label"><![CDATA[start]]></property>
        <property
          name="type"><![CDATA[start]]></property>
        <property
          name="isValid"><![CDATA[true]]></property>
        <property
          name="itemName"><![CDATA[start]]></property>
        <property
          name="itemDescription"><![CDATA[]]></property>
        <property
          name="variables"><![CDATA[FileName:String|FilePathDocx:String|FilePathPDF:String|VFilePathDocx:String|VFilePathPDF:String|varRegUser:String]]></property>
        <property
          name="requiredVars"><![CDATA[]]></property>
        <property
          name="globals"><![CDATA[glbValue:String]]></property>
        <property
          name="requiredGlobals"><![CDATA[]]></property>
        <property
          name="useSingleIteration"><![CDATA[]]></property>
        <property
          name="businessObjects"><![CDATA[]]></property>
        <property
          name="LogMessage"><![CDATA[]]></property>
        <property
          name="documentation"><![CDATA[]]></property>
        <property
          name="priority"><![CDATA[]]></property>
      </properties>
    </figure>
    <figure
      id="61903e02-855b-a573-ceef-a4a821d52460"
      name="Generate Doc"
      type="worddocgenerator"
      x="410"
      y="50"
      isValid="true"
      isLocked="False"
      inConnections="2"
      outConnections="2">
      <properties>
        <property
          name="label"><![CDATA[Generate Doc]]></property>
        <property
          name="type"><![CDATA[worddocgenerator]]></property>
        <property
          name="isValid"><![CDATA[true]]></property>
        <property
          name="inConnections"><![CDATA[2]]></property>
        <property
          name="outConnections"><![CDATA[2]]></property>
        <property
          name="itemName"><![CDATA[Generate Doc]]></property>
        <property
          name="itemDescription"><![CDATA[wordDocGenerator]]></property>
        <property
          name="chooseReportTemplate"><![CDATA[FW-Defn-MultipleInstances-Template.docx]]></property>
        <property
          name="configureDataSources"><![CDATA[[{"sConnString":"7e793064-f3da-4d98-b958-78fa57499599","sQuery":"SELECT * from deDefinitions \nwhere defID in ('dd7f3381-1588-4e97-bc1d-3916de8e3c5a', 'de6af32b-ef0c-437d-bbc5-48a17cb1dda7', 'BAE1573C-454B-450B-B1E5-FDA74391D56B')\n","sSource":"definitions"},{"sConnString":"7e793064-f3da-4d98-b958-78fa57499599","sQuery":"SELECT * FROM deInstances \nwhere defID in ('dd7f3381-1588-4e97-bc1d-3916de8e3c5a', 'de6af32b-ef0c-437d-bbc5-48a17cb1dda7', 'BAE1573C-454B-450B-B1E5-FDA74391D56B')","sSource":"instances"},{"sConnString":"7e793064-f3da-4d98-b958-78fa57499599","sQuery":"select * from deTasks where deInstanceID in (SELECT instanceID FROM deInstances \nwhere defID in ('dd7f3381-1588-4e97-bc1d-3916de8e3c5a', 'de6af32b-ef0c-437d-bbc5-48a17cb1dda7', '92C67B4D-C497-4E8B-8862-007B6697F7BE'))\n","sSource":"tasks"}]]]></property>
        <property
          name="tableRelations"><![CDATA[definitions~defID~Instances~defID|Instances~instanceID~Tasks~deInstanceID]]></property>
        <property
          name="docPhysicalPath"><![CDATA[variable.FilePathDocx]]></property>
        <property
          name="pdfPhysicalPath"><![CDATA[variable.FilePathPDF]]></property>
        <property
          name="docVirtualPath"><![CDATA[variable.VFilePathDocx]]></property>
        <property
          name="pdfVirtualPath"><![CDATA[variable.VFilePathPDF]]></property>
        <property
          name="fileNane"><![CDATA[Archive This Document]]></property>
        <property
          name="LogMessage"><![CDATA[wordDocGenerator - Variable.createdOn]]></property>
        <property
          name="documentation"><![CDATA[wordDocGenerator - Variable.initiatorName]]></property>
        <property
          name="instState"><![CDATA[Engine Steps]]></property>
        <property
          name="instPercent"><![CDATA[100]]></property>
        <property
          name="generateOnlyPDF"><![CDATA[no]]></property>
        <property
          name="documentSecurityConfig"><![CDATA[{"AllowAdmin":true,"AllowProcessInitiator":true,"AccessType":"selected","ExpireInterval":"30","IntervalType":"days","Users":["9461be43-90dc-4fc5-bac7-3de633148879","Variable.varRegUser"],"Roles":["c3a8e9a5-fec0-43f1-aab0-82bf2b0e333c","Global.glbValue"]}]]></property>
        <property
          name="folderNane"><![CDATA[\DocReport/Folder1\Folder2/Folder3\TestFolder-03Dec2025]]></property>
        <property
          name="folderName"><![CDATA[Dec-Reports]]></property>
      </properties>
    </figure>
    <figure
      id="ecdd03d6-7c32-30e7-a1ac-ad325db2c061"
      name="Update Variables"
      type="updatevariable"
      x="130"
      y="50"
      isValid="true"
      isLocked="False"
      inConnections="2"
      outConnections="2">
      <properties>
        <property
          name="label"><![CDATA[Update Variables]]></property>
        <property
          name="type"><![CDATA[updatevariable]]></property>
        <property
          name="isValid"><![CDATA[true]]></property>
        <property
          name="inConnections"><![CDATA[2]]></property>
        <property
          name="outConnections"><![CDATA[2]]></property>
        <property
          name="itemName"><![CDATA[Update Variables]]></property>
        <property
          name="itemDescription"><![CDATA[updateVariable]]></property>
        <property
          name="variableName"><![CDATA[]]></property>
        <property
          name="variableValue"><![CDATA[]]></property>
        <property
          name="hasExpression"><![CDATA[no]]></property>
        <property
          name="updateVariables"><![CDATA[Variable.FileName~DefinitionsAndInstancesAndTasks|Variable.varRegUser~9461be43-90dc-4fc5-bac7-3de633148879]]></property>
        <property
          name="LogMessage"><![CDATA[updateVariable - Variable.createdOn]]></property>
        <property
          name="documentation"><![CDATA[updateVariable - Variable.initiatorName]]></property>
        <property
          name="instState"><![CDATA[Engine Steps]]></property>
        <property
          name="instPercent"><![CDATA[100]]></property>
      </properties>
    </figure>
    <figure
      id="b3957a0d-c2a9-b087-aebf-3c16966564d3"
      name="Update Globals"
      type="updateglobals"
      x="280"
      y="50"
      isValid="true"
      isLocked="False"
      inConnections="2"
      outConnections="2">
      <properties>
        <property
          name="label"><![CDATA[Update Globals]]></property>
        <property
          name="type"><![CDATA[updateglobals]]></property>
        <property
          name="isValid"><![CDATA[true]]></property>
        <property
          name="inConnections"><![CDATA[2]]></property>
        <property
          name="outConnections"><![CDATA[2]]></property>
        <property
          name="itemName"><![CDATA[Update Globals]]></property>
        <property
          name="itemDescription"><![CDATA[updateGlobals]]></property>
        <property
          name="updateGlobals"><![CDATA[global.glbValue~0B98F42D-4D34-4D74-888C-34D5211E2E65]]></property>
        <property
          name="hasExpression"><![CDATA[no]]></property>
        <property
          name="LogMessage"><![CDATA[updateGlobals - Variable.createdOn]]></property>
        <property
          name="documentation"><![CDATA[updateGlobals - Variable.initiatorName]]></property>
        <property
          name="instState"><![CDATA[Engine Steps]]></property>
        <property
          name="instPercent"><![CDATA[100]]></property>
      </properties>
    </figure>
  </figures>
  <connections>
    <connection
      id="7bf659b6-dce5-f4e5-505a-31ef3e0887c6"
      label=""
      size="4"
      type=""
      srcParentID="fb2c7cd5-911a-4584-b3b0-701b2f992786"
      srcParentName="start"
      srcParentType="start"
      trgParentID="ecdd03d6-7c32-30e7-a1ac-ad325db2c061"
      trgParentName="Update Variables"
      trgParentType="updatevariable"
      router="junction"
      color="3c78d8"
      lblx="80"
      lbly="70"
      style="shape=connector;labelBackgroundColor=#ffffff;endArrow=classic;fontSize=12;fontFamily=Helvetica;align=center;verticalAlign=middle;rounded=1;strokeColor=#3c78d8;fontColor=#000000;edgeStyle=orthogonalEdgeStyle;jumpStyle=arc;jumpSize=6;orthogonalLoop=1;jettySize=auto;html=1;exitDx=0;exitDy=0;entryDx=0;entryDy=0;strokeWidth=4;whiteSpace=wrap;labelWidth=150;fontStyle=2"
      srcPortName="eastPort"
      trgPortName="westPort">
      <properties>
        <property
          name="label"><![CDATA[]]></property>
        <property
          name="type"><![CDATA[]]></property>
        <property
          name="linkPriority"><![CDATA[0]]></property>
        <property
          name="link"><![CDATA[]]></property>
      </properties>
      <line>
        <point
          x="30"
          y="70" />
        <point
          x="130"
          y="70" />
      </line>
    </connection>
    <connection
      id="dd77a1ff-0e1d-a155-6f92-575a987d62dc"
      label=""
      size="4"
      type=""
      srcParentID="b3957a0d-c2a9-b087-aebf-3c16966564d3"
      srcParentName="Update Globals"
      srcParentType="updateglobals"
      trgParentID="61903e02-855b-a573-ceef-a4a821d52460"
      trgParentName="Generate Doc"
      trgParentType="worddocgenerator"
      router="junction"
      color="3c78d8"
      lblx="365"
      lbly="70"
      style="shape=connector;labelBackgroundColor=#ffffff;endArrow=classic;fontSize=12;fontFamily=Helvetica;align=center;verticalAlign=middle;rounded=1;strokeColor=#3c78d8;fontColor=#000000;edgeStyle=orthogonalEdgeStyle;jumpStyle=arc;jumpSize=6;html=1;jettySize=auto;orthogonalLoop=1;strokeWidth=4;whiteSpace=wrap;labelWidth=187.5;fontStyle=2"
      srcPortName="eastPort"
      trgPortName="westPort">
      <properties>
        <property
          name="label"><![CDATA[]]></property>
        <property
          name="type"><![CDATA[]]></property>
        <property
          name="linkPriority"><![CDATA[0]]></property>
        <property
          name="link"><![CDATA[]]></property>
      </properties>
      <line>
        <point
          x="320"
          y="70" />
        <point
          x="410"
          y="70" />
      </line>
    </connection>
    <connection
      id="24c2b7e1-689a-bd1b-40d0-14b0f60eb433"
      label=""
      size="4"
      type=""
      srcParentID="ecdd03d6-7c32-30e7-a1ac-ad325db2c061"
      srcParentName="Update Variables"
      srcParentType="updatevariable"
      trgParentID="b3957a0d-c2a9-b087-aebf-3c16966564d3"
      trgParentName="Update Globals"
      trgParentType="updateglobals"
      router="junction"
      color="3c78d8"
      lblx="225"
      lbly="70"
      style="shape=connector;labelBackgroundColor=#ffffff;endArrow=classic;fontSize=12;fontFamily=Helvetica;align=center;verticalAlign=middle;rounded=1;strokeColor=#3c78d8;fontColor=#000000;edgeStyle=orthogonalEdgeStyle;jumpStyle=arc;jumpSize=6;html=1;jettySize=auto;orthogonalLoop=1;strokeWidth=4;whiteSpace=wrap;labelWidth=187.5;fontStyle=2"
      srcPortName="eastPort"
      trgPortName="westPort">
      <properties>
        <property
          name="label"><![CDATA[]]></property>
        <property
          name="type"><![CDATA[]]></property>
        <property
          name="linkPriority"><![CDATA[0]]></property>
        <property
          name="link"><![CDATA[]]></property>
      </properties>
      <line>
        <point
          x="170"
          y="70" />
        <point
          x="280"
          y="70" />
      </line>
    </connection>
  </connections>
  <comments></comments>
</reveDiagram>