<reveDiagram
  desc="Powered by FlowWright"
  testMode="false"
  testModeUserID=""
  schemaVersion="v2"
  defID="b597ddec-23c9-49ee-8a67-219aa7c12323">
  <figures>
    <figure
      id="fb2c7cd5-911a-4584-b3b0-701b2f992786"
      name="start"
      type="start"
      x="40"
      y="39"
      isValid="true"
      isLocked="False">
      <properties>
        <property
          name="label"><![CDATA[start]]></property>
        <property
          name="type"><![CDATA[start]]></property>
        <property
          name="isValid"><![CDATA[true]]></property>
        <property
          name="itemName"><![CDATA[start]]></property>
        <property
          name="itemDescription"><![CDATA[]]></property>
        <property
          name="variables"><![CDATA[FilePathDocx:String|FilePathPDF:String|VFilePathDocx:String|VFilePathPDF:String]]></property>
        <property
          name="requiredVars"><![CDATA[]]></property>
        <property
          name="globals"><![CDATA[]]></property>
        <property
          name="requiredGlobals"><![CDATA[]]></property>
        <property
          name="useSingleIteration"><![CDATA[]]></property>
        <property
          name="businessObjects"><![CDATA[]]></property>
        <property
          name="LogMessage"><![CDATA[]]></property>
        <property
          name="documentation"><![CDATA[]]></property>
        <property
          name="priority"><![CDATA[]]></property>
      </properties>
    </figure>
    <figure
      id="61903e02-855b-a573-ceef-a4a821d52460"
      name="Generate Doc"
      type="worddocgenerator"
      x="280"
      y="39"
      isValid="true"
      isLocked="False"
      inConnections="2"
      outConnections="2">
      <properties>
        <property
          name="label"><![CDATA[Generate Doc]]></property>
        <property
          name="type"><![CDATA[worddocgenerator]]></property>
        <property
          name="isValid"><![CDATA[true]]></property>
        <property
          name="inConnections"><![CDATA[2]]></property>
        <property
          name="outConnections"><![CDATA[2]]></property>
        <property
          name="itemName"><![CDATA[Generate Doc]]></property>
        <property
          name="itemDescription"><![CDATA[wordDocGenerator]]></property>
        <property
          name="chooseReportTemplate"><![CDATA[FW-Defn-Instances-Template.docx]]></property>
        <property
          name="configureDataSources"><![CDATA[[{"sConnString":"7e793064-f3da-4d98-b958-78fa57499599","sQuery":"SELECT * from deDefinitions where defID in ('dd7f3381-1588-4e97-bc1d-3916de8e3c5a', 'de6af32b-ef0c-437d-bbc5-48a17cb1dda7')","sSource":"definitions"},{"sConnString":"7e793064-f3da-4d98-b958-78fa57499599","sQuery":"SELECT * FROM deInstances where defID in ('dd7f3381-1588-4e97-bc1d-3916de8e3c5a', 'de6af32b-ef0c-437d-bbc5-48a17cb1dda7') order by defID, instanceName","sSource":"instances"}]]]></property>
        <property
          name="tableRelations"><![CDATA[definitions~defID~Instances~defID]]></property>
        <property
          name="docPhysicalPath"><![CDATA[variable.FilePathDocx]]></property>
        <property
          name="pdfPhysicalPath"><![CDATA[variable.FilePathPDF]]></property>
        <property
          name="docVirtualPath"><![CDATA[variable.VFilePathDocx]]></property>
        <property
          name="pdfVirtualPath"><![CDATA[variable.VFilePathPDF]]></property>
        <property
          name="fileNane"><![CDATA[DefinitionsAndInstances]]></property>
        <property
          name="LogMessage"><![CDATA[wordDocGenerator - Variable.createdOn]]></property>
        <property
          name="documentation"><![CDATA[wordDocGenerator - Variable.initiatorName]]></property>
        <property
          name="instState"><![CDATA[Engine Steps]]></property>
        <property
          name="instPercent"><![CDATA[100]]></property>
      </properties>
    </figure>
  </figures>
  <connections>
    <connection
      id="dd77a1ff-0e1d-a155-6f92-575a987d62dc"
      label=""
      size="4"
      type=""
      srcParentID="fb2c7cd5-911a-4584-b3b0-701b2f992786"
      srcParentType="start"
      trgParentID="61903e02-855b-a573-ceef-a4a821d52460"
      trgParentType="worddocgenerator"
      router="junction"
      color="3c78d8"
      lblx="180"
      lbly="59"
      style="shape=connector;labelBackgroundColor=#ffffff;endArrow=classic;fontSize=15;fontFamily=Helvetica;align=center;verticalAlign=middle;rounded=1;strokeColor=#3c78d8;fontColor=#000000;edgeStyle=orthogonalEdgeStyle;jumpStyle=arc;jumpSize=6;html=1;jettySize=auto;orthogonalLoop=1;strokeWidth=4;whiteSpace=wrap;labelWidth=187.5;fontStyle=2"
      srcPortName="eastPort"
      trgPortName="westPort">
      <properties>
        <property
          name="label"><![CDATA[]]></property>
        <property
          name="type"><![CDATA[]]></property>
        <property
          name="linkPriority"><![CDATA[0]]></property>
      </properties>
      <line>
        <point
          x="80"
          y="59" />
        <point
          x="280"
          y="59" />
      </line>
    </connection>
  </connections>
  <comments></comments>
</reveDiagram>