<reveDiagram
  desc="Powered by FlowWright"
  testMode="false"
  testModeUserID=""
  schemaVersion="v2"
  defID="d366efb9-3b1c-4b42-94a1-e08478e6db08">
  <figures>
    <figure
      id="d766d81d-37fd-4cd8-97fa-3993fd04e8ea"
      name="start"
      type="start"
      x="260"
      y="-330"
      isValid="true"
      isLocked="False">
      <properties>
        <property
          name="label"><![CDATA[start]]></property>
        <property
          name="type"><![CDATA[start]]></property>
        <property
          name="isValid"><![CDATA[true]]></property>
        <property
          name="itemName"><![CDATA[start]]></property>
        <property
          name="itemDescription"><![CDATA[]]></property>
        <property
          name="variables"><![CDATA[city:String|docpD:String|docvD:String|email:String|name:String|pdfpD:String|pdfvD:String|state:String|streetAddress1:String|streetAddress2:String|zip:String]]></property>
        <property
          name="requiredVars"><![CDATA[]]></property>
        <property
          name="globals"><![CDATA[]]></property>
        <property
          name="requiredGlobals"><![CDATA[]]></property>
        <property
          name="useSingleIteration"><![CDATA[0]]></property>
        <property
          name="businessObjects"><![CDATA[]]></property>
        <property
          name="logMessage"><![CDATA[]]></property>
        <property
          name="documentation"><![CDATA[]]></property>
      </properties>
    </figure>
    <figure
      id="26af91c3-12c1-3af9-45bd-163c5abc2d83"
      name="Generate Invite"
      type="worddocgenerator"
      x="440"
      y="-330"
      isValid="true"
      isLocked="False">
      <properties>
        <property
          name="label"><![CDATA[Generate Invite]]></property>
        <property
          name="type"><![CDATA[worddocgenerator]]></property>
        <property
          name="isValid"><![CDATA[true]]></property>
        <property
          name="itemName"><![CDATA[Generate Invite]]></property>
        <property
          name="itemDescription"><![CDATA[]]></property>
        <property
          name="chooseReportTemplate"><![CDATA[TrngInvite.docx]]></property>
        <property
          name="configureDataSources"><![CDATA[]]></property>
        <property
          name="docPhysicalPath"><![CDATA[variable.docpD]]></property>
        <property
          name="pdfPhysicalPath"><![CDATA[variable.pdfpD]]></property>
        <property
          name="docVirtualPath"><![CDATA[variable.docvD]]></property>
        <property
          name="pdfVirtualPath"><![CDATA[variable.pdfvD]]></property>
        <property
          name="logMessage"><![CDATA[]]></property>
        <property
          name="documentation"><![CDATA[]]></property>
        <property
          name="fileNane"><![CDATA[]]></property>
        <property
          name="LogMessage"><![CDATA[]]></property>
        <property
          name="instState"><![CDATA[]]></property>
        <property
          name="instPercent"><![CDATA[]]></property>
      </properties>
    </figure>
    <figure
      id="a0aef1e6-c577-6eb1-cc99-fc7e31944882"
      name="Send Email"
      type="email"
      x="600"
      y="-330"
      isValid="true"
      isLocked="False">
      <properties>
        <property
          name="label"><![CDATA[Send Email]]></property>
        <property
          name="type"><![CDATA[email]]></property>
        <property
          name="isValid"><![CDATA[true]]></property>
        <property
          name="itemName"><![CDATA[Send Email]]></property>
        <property
          name="itemDescription"><![CDATA[]]></property>
        <property
          name="replyTo"><![CDATA[]]></property>
        <property
          name="fromEmail"><![CDATA[]]></property>
        <property
          name="emailTo"><![CDATA[Variable.email]]></property>
        <property
          name="emailToRoles"><![CDATA[]]></property>
        <property
          name="emailAddresses"><![CDATA[Variable.email]]></property>
        <property
          name="subject"><![CDATA[FLOWWRIGHT Virtual Training Day]]></property>
        <property
          name="body"><![CDATA[<p class="MsoNormal">Dear variable.name,<o:p></o:p></p>&#xA;&#xA;<p class="MsoNormal">You can learn the fundamentals of enterprise business process&#xA;automation for your team. <o:p></o:p></p>&#xA;&#xA;<p class="MsoNormal"><b>Stay informed</b>. Easily find and understand your&#xA;processes. Our intuitive platform displays Information clearly so that&#xA;all team members know what steps need to be carried out briefly.<o:p></o:p></p>&#xA;&#xA;<p class="MsoNormal"><b>Stay Nimble</b>. Anyone can model their&#xA;own processes, regardless of their previous modelling experience. This enables&#xA;teams to create and expand processes innovatively.<o:p></o:p></p>&#xA;&#xA;<p class="MsoNormal"><b>Stay Connected.</b> Your teams can access processes on smartphones, tablets, or desktops when needed, through a secure cloud or from behind your firewall. Our visual designer allows seamless collaboration&#xA;that encourages communication across teams.<o:p></o:p></p>&#xA;&#xA;<p class="MsoNormal">After completing this training, you’ll be eligible to effortlessly set up your enterprise business process automation.<o:p></o:p></p>&#xA;&#xA;<p class="MsoNormal">You will have the opportunity to:<o:p></o:p></p>&#xA;&#xA;<p class="MsoListParagraph" style="text-indent:-18.0pt;mso-list:l0 level1 lfo1"><!--[if !supportLists]--><span style="font-family:Symbol;mso-fareast-font-family:Symbol;mso-bidi-font-family:&#xA;Symbol">·<span style="font-variant-numeric: normal; font-variant-east-asian: normal; font-stretch: normal; font-size: 7pt; line-height: normal; font-family: &quot;Times New Roman&quot;;">&nbsp;&nbsp;&nbsp;&nbsp;&nbsp;&nbsp;&nbsp;&nbsp;&#xA;</span></span><!--[endif]-->Drag &amp; Drop Graphical Designer, Real Time&#xA;Analytics, Forms Automation, Rules Definition<o:p></o:p></p>&#xA;&#xA;<p class="MsoNormal">Join us at an upcoming virtual event:<o:p></o:p></p>&#xA;&#xA;<p class="MsoNormal">Day 1 - 8th April 2022 - 2:00 PM to 5:30 PM | (EDT)<o:p></o:p></p>&#xA;&#xA;<p class="MsoNormal">Delivery Language: English<o:p></o:p></p>&#xA;&#xA;<p class="MsoNormal">Closed Captioning Language(s): English</p><p class="MsoNormal" align="center" style="text-align:center"><a href="https://www.flowwright.com/training"><b>https://www.flowwright.com/training</b></a><b><u><o:p></o:p></u></b></p>]]></property>
        <property
          name="cc"><![CDATA[]]></property>
        <property
          name="bcc"><![CDATA[]]></property>
        <property
          name="fileList"><![CDATA[]]></property>
        <property
          name="sendUsingQueue"><![CDATA[1]]></property>
        <property
          name="logMessage"><![CDATA[]]></property>
        <property
          name="documentation"><![CDATA[]]></property>
        <property
          name="body_TemplateID"><![CDATA[]]></property>
        <property
          name="priority"><![CDATA[0]]></property>
        <property
          name="encryptBody"><![CDATA[0]]></property>
        <property
          name="LogMessage"><![CDATA[]]></property>
        <property
          name="instState"><![CDATA[]]></property>
        <property
          name="instPercent"><![CDATA[]]></property>
      </properties>
    </figure>
  </figures>
  <connections>
    <connection
      id="23e2e23c-e7b8-1649-a5f1-2862ae618821"
      label=""
      size="3"
      type=""
      srcParentID="d766d81d-37fd-4cd8-97fa-3993fd04e8ea"
      srcParentName="start"
      srcParentType="start"
      trgParentID="26af91c3-12c1-3af9-45bd-163c5abc2d83"
      trgParentName="Generate Invite"
      trgParentType="worddocgenerator"
      router="draw2d.layout.connection.InteractiveManhattanConnectionRouter"
      color="0000ff"
      lblx="370"
      lbly="-310"
      style="shape=connector;labelBackgroundColor=#ffffff;endArrow=classic;fontSize=12;fontFamily=Helvetica;align=center;verticalAlign=middle;rounded=1;strokeColor=#0000ff;fontColor=#000000;edgeStyle=orthogonalEdgeStyle;jumpStyle=arc;jumpSize=6;html=1;jettySize=auto;orthogonalLoop=1;strokeWidth=3;whiteSpace=wrap;labelWidth=175;fontStyle=2"
      srcPortName="eastPort"
      trgPortName="westPort">
      <properties>
        <property
          name="label"><![CDATA[]]></property>
        <property
          name="type"><![CDATA[]]></property>
        <property
          name="linkPriority"><![CDATA[0]]></property>
      </properties>
      <line>
        <point
          x="300"
          y="-310" />
        <point
          x="440"
          y="-310" />
      </line>
    </connection>
    <connection
      id="583ff4ad-04ea-ad9c-6ba2-24791c8fe287"
      label=""
      size="3"
      type=""
      srcParentID="26af91c3-12c1-3af9-45bd-163c5abc2d83"
      srcParentName="Generate Invite"
      srcParentType="worddocgenerator"
      trgParentID="a0aef1e6-c577-6eb1-cc99-fc7e31944882"
      trgParentName="Send Email"
      trgParentType="email"
      router="draw2d.layout.connection.InteractiveManhattanConnectionRouter"
      color="0000ff"
      lblx="540"
      lbly="-310"
      style="shape=connector;labelBackgroundColor=#ffffff;endArrow=classic;fontSize=12;fontFamily=Helvetica;align=center;verticalAlign=middle;rounded=1;strokeColor=#0000ff;fontColor=#000000;edgeStyle=orthogonalEdgeStyle;jumpStyle=arc;jumpSize=6;html=1;jettySize=auto;orthogonalLoop=1;strokeWidth=3;whiteSpace=wrap;labelWidth=175;fontStyle=2"
      srcPortName="eastPort"
      trgPortName="westPort">
      <properties>
        <property
          name="label"><![CDATA[]]></property>
        <property
          name="type"><![CDATA[]]></property>
        <property
          name="linkPriority"><![CDATA[0]]></property>
      </properties>
      <line>
        <point
          x="480"
          y="-310" />
        <point
          x="600"
          y="-310" />
      </line>
    </connection>
  </connections>
  <comments></comments>
</reveDiagram>