<reveDiagram
  desc="Powered by FlowWright"
  testMode="false"
  testModeUserID=""
  schemaVersion="v2"
  defID="7412f665-1900-4615-b0ae-be2b19d1e504">
  <figures>
    <figure
      id="18512bf3-7968-459b-b8c5-f82424e7972f"
      name="start"
      type="start"
      x="170"
      y="60"
      isValid="true"
      isLocked="False">
      <properties>
        <property
          name="label"><![CDATA[start]]></property>
        <property
          name="type"><![CDATA[start]]></property>
        <property
          name="isValid"><![CDATA[true]]></property>
        <property
          name="itemName"><![CDATA[start]]></property>
        <property
          name="itemDescription"><![CDATA[]]></property>
        <property
          name="variables"><![CDATA[varRand:String]]></property>
        <property
          name="requiredVars"><![CDATA[]]></property>
        <property
          name="globals"><![CDATA[]]></property>
        <property
          name="requiredGlobals"><![CDATA[]]></property>
        <property
          name="useSingleIteration"><![CDATA[0]]></property>
        <property
          name="businessObjects"><![CDATA[]]></property>
        <property
          name="LogMessage"><![CDATA[]]></property>
        <property
          name="documentation"><![CDATA[]]></property>
        <property
          name="priority"><![CDATA[Low]]></property>
        <property
          name="abortDef"><![CDATA[]]></property>
        <property
          name="sub-def-name"><![CDATA[]]></property>
        <property
          name="errordef"><![CDATA[]]></property>
        <property
          name="completedef"><![CDATA[]]></property>
        <property
          name="instState"><![CDATA[]]></property>
        <property
          name="instPercent"><![CDATA[]]></property>
      </properties>
    </figure>
    <figure
      id="c8ef5b58-1a9b-4922-b2a2-86106618b40b"
      name="random"
      type="random"
      x="340"
      y="60"
      isValid="true"
      isLocked="False">
      <properties>
        <property
          name="label"><![CDATA[random]]></property>
        <property
          name="type"><![CDATA[random]]></property>
        <property
          name="isValid"><![CDATA[true]]></property>
        <property
          name="itemName"><![CDATA[random]]></property>
        <property
          name="itemDescription"><![CDATA[random]]></property>
        <property
          name="lowValue"><![CDATA[1]]></property>
        <property
          name="highValue"><![CDATA[6]]></property>
        <property
          name="varGlobal"><![CDATA[variable.varRand]]></property>
        <property
          name="LogMessage"><![CDATA[random - Variable.createdOn]]></property>
        <property
          name="documentation"><![CDATA[random - Variable.initiatorName]]></property>
        <property
          name="instState"><![CDATA[Engine Step]]></property>
        <property
          name="instPercent"><![CDATA[100]]></property>
      </properties>
    </figure>
  </figures>
  <connections>
    <connection
      id="365ab424-e595-45fa-995d-b84fff47e0c0"
      label=""
      size="5"
      type=""
      srcParentID="18512bf3-7968-459b-b8c5-f82424e7972f"
      srcParentType="start"
      trgParentID="c8ef5b58-1a9b-4922-b2a2-86106618b40b"
      trgParentType="random"
      router="junction"
      color="0000ff"
      lblx="275"
      lbly="80"
      style="shape=connector;labelBackgroundColor=#ffffff;endArrow=classic;fontSize=15;fontFamily=Helvetica;align=center;verticalAlign=middle;rounded=1;strokeColor=#0000ff;fontColor=#000000;edgeStyle=orthogonalEdgeStyle;jumpStyle=arc;jumpSize=6;html=1;jettySize=auto;orthogonalLoop=1;strokeWidth=5;whiteSpace=wrap;labelWidth=225;fontStyle=2"
      srcPortName="eastPort"
      trgPortName="westPort">
      <properties>
        <property
          name="label"><![CDATA[]]></property>
        <property
          name="type"><![CDATA[]]></property>
        <property
          name="linkPriority"><![CDATA[0]]></property>
      </properties>
      <line>
        <point
          x="210"
          y="80" />
        <point
          x="340"
          y="80" />
      </line>
    </connection>
  </connections>
  <comments></comments>
</reveDiagram>