<reveDiagram
  desc="Powered by FlowWright"
  testMode="false"
  testModeUserID=""
  schemaVersion="v2"
  defID="6c8d61cd-6174-49e1-881c-a4a71ab6ab96">
  <figures>
    <figure
      id="2268e4d2-5eb6-463b-b9c1-ee8b47d56b82"
      name="start"
      type="start"
      x="60"
      y="60"
      isValid="true"
      isLocked="False">
      <properties>
        <property
          name="label"><![CDATA[start]]></property>
        <property
          name="type"><![CDATA[start]]></property>
        <property
          name="isValid"><![CDATA[true]]></property>
        <property
          name="itemName"><![CDATA[start]]></property>
        <property
          name="itemDescription"><![CDATA[]]></property>
        <property
          name="variables"><![CDATA[varLoop:String|varRand:String]]></property>
        <property
          name="requiredVars"><![CDATA[]]></property>
        <property
          name="globals"><![CDATA[]]></property>
        <property
          name="requiredGlobals"><![CDATA[]]></property>
        <property
          name="useSingleIteration"><![CDATA[0]]></property>
        <property
          name="businessObjects"><![CDATA[]]></property>
        <property
          name="LogMessage"><![CDATA[]]></property>
        <property
          name="documentation"><![CDATA[]]></property>
        <property
          name="priority"><![CDATA[Low]]></property>
        <property
          name="abortDef"><![CDATA[]]></property>
        <property
          name="sub-def-name"><![CDATA[]]></property>
        <property
          name="errordef"><![CDATA[]]></property>
        <property
          name="completedef"><![CDATA[]]></property>
        <property
          name="instState"><![CDATA[]]></property>
        <property
          name="instPercent"><![CDATA[]]></property>
      </properties>
    </figure>
    <figure
      id="d123a827-cb79-f06a-51d8-2d64ac5fea33"
      name="random"
      type="random"
      x="340"
      y="370"
      isValid="true"
      isLocked="False">
      <properties>
        <property
          name="label"><![CDATA[random]]></property>
        <property
          name="type"><![CDATA[random]]></property>
        <property
          name="isValid"><![CDATA[true]]></property>
        <property
          name="itemName"><![CDATA[random]]></property>
        <property
          name="itemDescription"><![CDATA[]]></property>
        <property
          name="lowValue"><![CDATA[]]></property>
        <property
          name="highValue"><![CDATA[6]]></property>
        <property
          name="varGlobal"><![CDATA[variable.varRand]]></property>
        <property
          name="LogMessage"><![CDATA[]]></property>
        <property
          name="documentation"><![CDATA[]]></property>
        <property
          name="instState"><![CDATA[]]></property>
        <property
          name="instPercent"><![CDATA[]]></property>
      </properties>
    </figure>
    <figure
      id="ec550148-e120-821e-228e-51fab06af588"
      name="For Loop"
      type="loop"
      x="340"
      y="180"
      isValid="true"
      isLocked="False">
      <properties>
        <property
          name="label"><![CDATA[For Loop]]></property>
        <property
          name="type"><![CDATA[loop]]></property>
        <property
          name="isValid"><![CDATA[true]]></property>
        <property
          name="itemName"><![CDATA[For Loop]]></property>
        <property
          name="itemDescription"><![CDATA[]]></property>
        <property
          name="loopCounter"><![CDATA[5]]></property>
        <property
          name="variableName"><![CDATA[variable.varLoop]]></property>
        <property
          name="LogMessage"><![CDATA[]]></property>
        <property
          name="documentation"><![CDATA[]]></property>
        <property
          name="instState"><![CDATA[]]></property>
        <property
          name="instPercent"><![CDATA[]]></property>
      </properties>
    </figure>
    <figure
      id="1d9b0ee8-72cd-6a2b-3302-6d67e2db739a"
      name="Place Holder"
      type="placeholder"
      x="340"
      y="60"
      isValid="true"
      isLocked="False">
      <properties>
        <property
          name="label"><![CDATA[Place Holder]]></property>
        <property
          name="type"><![CDATA[placeholder]]></property>
        <property
          name="isValid"><![CDATA[true]]></property>
        <property
          name="itemName"><![CDATA[Place Holder]]></property>
        <property
          name="itemDescription"><![CDATA[]]></property>
        <property
          name="LogMessage"><![CDATA[]]></property>
        <property
          name="documentation"><![CDATA[]]></property>
        <property
          name="instState"><![CDATA[]]></property>
        <property
          name="instPercent"><![CDATA[]]></property>
      </properties>
    </figure>
    <figure
      id="fbad96cb-0662-1085-87da-c1423d755eb2"
      name="Place Holder"
      type="placeholder"
      x="630"
      y="180"
      isValid="true"
      isLocked="False">
      <properties>
        <property
          name="label"><![CDATA[Place Holder]]></property>
        <property
          name="type"><![CDATA[placeholder]]></property>
        <property
          name="isValid"><![CDATA[true]]></property>
        <property
          name="itemName"><![CDATA[Place Holder]]></property>
        <property
          name="itemDescription"><![CDATA[]]></property>
        <property
          name="LogMessage"><![CDATA[]]></property>
        <property
          name="documentation"><![CDATA[]]></property>
        <property
          name="instState"><![CDATA[]]></property>
        <property
          name="instPercent"><![CDATA[]]></property>
      </properties>
    </figure>
    <figure
      id="449809de-e6ce-7542-a069-c36d45f72452"
      name="1==1"
      type="decision"
      x="170"
      y="370"
      isValid="true"
      isLocked="False">
      <properties>
        <property
          name="label"><![CDATA[1==1]]></property>
        <property
          name="type"><![CDATA[decision]]></property>
        <property
          name="isValid"><![CDATA[true]]></property>
        <property
          name="itemName"><![CDATA[1==1]]></property>
        <property
          name="itemDescription"><![CDATA[]]></property>
        <property
          name="condition"><![CDATA[1==1]]></property>
        <property
          name="logMessage"><![CDATA[]]></property>
        <property
          name="documentation"><![CDATA[]]></property>
        <property
          name="LogMessage"><![CDATA[]]></property>
        <property
          name="instState"><![CDATA[]]></property>
        <property
          name="instPercent"><![CDATA[]]></property>
      </properties>
    </figure>
  </figures>
  <connections>
    <connection
      id="b2fd88c3-6fd0-ded9-21d5-be6612c3b252"
      label=""
      size="5"
      type=""
      srcParentID="d123a827-cb79-f06a-51d8-2d64ac5fea33"
      srcParentType="random"
      trgParentID="449809de-e6ce-7542-a069-c36d45f72452"
      trgParentType="decision"
      router="junction"
      color="0000ff"
      lblx="275"
      lbly="390"
      style="shape=connector;labelBackgroundColor=#ffffff;endArrow=classic;fontSize=15;fontFamily=Helvetica;align=center;verticalAlign=middle;rounded=1;strokeColor=#0000ff;fontColor=#000000;edgeStyle=orthogonalEdgeStyle;jumpStyle=arc;jumpSize=6;html=1;jettySize=auto;orthogonalLoop=1;strokeWidth=5;whiteSpace=wrap;labelWidth=225;fontStyle=2"
      srcPortName="westPort"
      trgPortName="eastPort">
      <properties>
        <property
          name="label"><![CDATA[]]></property>
        <property
          name="type"><![CDATA[]]></property>
        <property
          name="linkPriority"><![CDATA[0]]></property>
        <property
          name="link"><![CDATA[]]></property>
      </properties>
      <line>
        <point
          x="340"
          y="390" />
        <point
          x="210"
          y="390" />
      </line>
    </connection>
    <connection
      id="6bf26e7a-77b6-4fae-36e0-b85ab5118fe7"
      label=""
      size="5"
      type=""
      srcParentID="449809de-e6ce-7542-a069-c36d45f72452"
      srcParentType="decision"
      trgParentID="ec550148-e120-821e-228e-51fab06af588"
      trgParentType="loop"
      router="junction"
      color="0000ff"
      lblx="190"
      lbly="210"
      style="shape=connector;labelBackgroundColor=#ffffff;endArrow=classic;fontSize=15;fontFamily=Helvetica;align=center;verticalAlign=middle;rounded=1;strokeColor=#0000ff;fontColor=#000000;edgeStyle=orthogonalEdgeStyle;jumpStyle=arc;jumpSize=6;html=1;jettySize=auto;orthogonalLoop=1;strokeWidth=5;whiteSpace=wrap;labelWidth=225;fontStyle=2"
      srcPortName="northPort"
      trgPortName="westPort">
      <properties>
        <property
          name="label"><![CDATA[]]></property>
        <property
          name="type"><![CDATA[]]></property>
        <property
          name="linkPriority"><![CDATA[0]]></property>
        <property
          name="link"><![CDATA[]]></property>
      </properties>
      <line>
        <point
          x="190"
          y="370" />
        <point
          x="190"
          y="200" />
        <point
          x="340"
          y="200" />
      </line>
    </connection>
    <connection
      id="b45751c1-4caa-221e-7542-f647bac94115"
      label="loop"
      size="5"
      type=""
      srcParentID="ec550148-e120-821e-228e-51fab06af588"
      srcParentType="loop"
      trgParentID="d123a827-cb79-f06a-51d8-2d64ac5fea33"
      trgParentType="random"
      router="junction"
      color="129ce4"
      lblx="360"
      lbly="295"
      style="shape=connector;labelBackgroundColor=#ffffff;endArrow=classic;fontSize=15;fontFamily=Helvetica;align=center;verticalAlign=middle;rounded=1;strokeColor=#129ce4;fontColor=#000000;edgeStyle=orthogonalEdgeStyle;jumpStyle=arc;jumpSize=6;html=1;jettySize=auto;orthogonalLoop=1;strokeWidth=5;whiteSpace=wrap;labelWidth=225;resizable=0;fontStyle=2"
      srcPortName="southPort"
      trgPortName="northPort">
      <properties>
        <property
          name="label"><![CDATA[loop]]></property>
        <property
          name="type"><![CDATA[]]></property>
        <property
          name="linkPriority"><![CDATA[0]]></property>
        <property
          name="link"><![CDATA[loop]]></property>
      </properties>
      <line>
        <point
          x="360"
          y="220" />
        <point
          x="360"
          y="370" />
      </line>
    </connection>
    <connection
      id="492bdc50-537b-28f0-0eb9-cbbcb4504aac"
      label="loopCompleted"
      size="5"
      type=""
      srcParentID="ec550148-e120-821e-228e-51fab06af588"
      srcParentType="loop"
      trgParentID="fbad96cb-0662-1085-87da-c1423d755eb2"
      trgParentType="placeholder"
      router="junction"
      color="129ce4"
      lblx="505"
      lbly="200"
      style="shape=connector;labelBackgroundColor=#ffffff;endArrow=classic;fontSize=15;fontFamily=Helvetica;align=center;verticalAlign=middle;rounded=1;strokeColor=#129ce4;fontColor=#000000;edgeStyle=orthogonalEdgeStyle;jumpStyle=arc;jumpSize=6;html=1;jettySize=auto;orthogonalLoop=1;strokeWidth=5;whiteSpace=wrap;resizable=0;labelWidth=225;fontStyle=2"
      srcPortName="eastPort"
      trgPortName="westPort">
      <properties>
        <property
          name="label"><![CDATA[loopCompleted]]></property>
        <property
          name="type"><![CDATA[]]></property>
        <property
          name="linkPriority"><![CDATA[0]]></property>
        <property
          name="link"><![CDATA[loopCompleted]]></property>
      </properties>
      <line>
        <point
          x="380"
          y="200" />
        <point
          x="630"
          y="200" />
      </line>
    </connection>
    <connection
      id="d821d388-3922-5e34-91c5-3ed3f4794242"
      label=""
      size="5"
      type=""
      srcParentID="1d9b0ee8-72cd-6a2b-3302-6d67e2db739a"
      srcParentType="placeholder"
      trgParentID="ec550148-e120-821e-228e-51fab06af588"
      trgParentType="loop"
      router="junction"
      color="0000ff"
      lblx="360"
      lbly="140"
      style="shape=connector;labelBackgroundColor=#ffffff;endArrow=classic;fontSize=15;fontFamily=Helvetica;align=center;verticalAlign=middle;rounded=1;strokeColor=#0000ff;fontColor=#000000;edgeStyle=orthogonalEdgeStyle;jumpStyle=arc;jumpSize=6;html=1;jettySize=auto;orthogonalLoop=1;strokeWidth=5;whiteSpace=wrap;labelWidth=225;fontStyle=2"
      srcPortName="southPort"
      trgPortName="northPort">
      <properties>
        <property
          name="label"><![CDATA[]]></property>
        <property
          name="type"><![CDATA[]]></property>
        <property
          name="linkPriority"><![CDATA[0]]></property>
        <property
          name="link"><![CDATA[]]></property>
      </properties>
      <line>
        <point
          x="360"
          y="100" />
        <point
          x="360"
          y="180" />
      </line>
    </connection>
    <connection
      id="00dd001e-df0a-e90c-5e9e-4de11ced1615"
      label=""
      size="5"
      type=""
      srcParentID="2268e4d2-5eb6-463b-b9c1-ee8b47d56b82"
      srcParentType="start"
      trgParentID="1d9b0ee8-72cd-6a2b-3302-6d67e2db739a"
      trgParentType="placeholder"
      router="junction"
      color="0000ff"
      lblx="220"
      lbly="80"
      style="shape=connector;labelBackgroundColor=#ffffff;endArrow=classic;fontSize=15;fontFamily=Helvetica;align=center;verticalAlign=middle;rounded=1;strokeColor=#0000ff;fontColor=#000000;edgeStyle=orthogonalEdgeStyle;jumpStyle=arc;jumpSize=6;html=1;jettySize=auto;orthogonalLoop=1;strokeWidth=5;whiteSpace=wrap;labelWidth=225;fontStyle=2"
      srcPortName="eastPort"
      trgPortName="westPort">
      <properties>
        <property
          name="label"><![CDATA[]]></property>
        <property
          name="type"><![CDATA[]]></property>
        <property
          name="linkPriority"><![CDATA[0]]></property>
      </properties>
      <line>
        <point
          x="100"
          y="80" />
        <point
          x="340"
          y="80" />
      </line>
    </connection>
  </connections>
  <comments></comments>
</reveDiagram>